time,arm left,arm right,legs left,legs right
0.0,7.578874450875485,6.438358911872631,20.608984468114897,34.23628043180452
0.008333333333212067,7.5409727533894815,6.357344164894767,20.48735134143465,34.23732347424641
0.016666666666424135,7.485833754773391,6.369705404759767,20.60753962017929,34.22725231126321
0.02500000000009095,7.454545902310611,6.361882742953587,20.46696518967223,34.21515854602269
0.03333333333330302,7.421214560809493,6.322745099829368,20.578470899775045,34.21127066521022
0.041666666666515084,7.394768407625658,6.294017306668186,20.7126964554851,34.16186774965858
0.04999999999972715,7.358254878594426,6.239348890456413,20.72067007172174,34.14708660935429
0.058333333333393966,7.326744627064167,6.244306639804743,20.579126360176218,34.14777626836747
0.06666666666660603,7.300317747309821,6.273803436973165,20.654657997376653,34.13565255323596
0.0749999999998181,7.270703892847189,6.227654621011779,20.499648047955976,34.14211747631397
0.08333333333303017,7.236251116654911,6.206607748347513,20.482764228118587,34.15231994880054
0.09166666666669698,7.196083846499214,6.230851796214696,20.48857935203134,34.15493224644065
0.09999999999990905,7.194286272165475,6.224872230462619,20.51608499201299,34.13406258471971
0.10833333333312112,7.1504665258029,6.214668999041542,20.499425991372355,34.101002912303215
0.11666666666633319,7.144565964570724,6.211628870254884,20.513993278069872,34.068593414454575
0.125,7.106441715430579,6.198227370449062,20.494040580929255,34.02299929291959
0.13333333333321207,7.097947118519234,6.17537235492532,20.487527351656873,34.010964649824764
0.14166666666642413,7.078208683162556,6.169277193291682,20.488438966354014,33.98012694958229
0.15000000000009095,7.063728434817567,6.115319245728481,20.58664807180233,33.947251244111094
0.15833333333330302,7.039848869262983,6.1012305120001615,20.559303716791046,33.93642829522912
0.16666666666651508,7.019569458502051,6.083663375531914,20.57055739546279,33.895561614739385
0.17499999999972715,6.9947478179073785,6.066042359049469,20.5794122967205,33.88089714381258
0.18333333333339397,6.951994024368918,6.048560358683258,20.60129195763575,33.84698710860684
0.19166666666660603,6.925145842825855,6.015017236654741,20.592058678370815,33.83995860307058
0.1999999999998181,6.8868959608933835,5.97909190489873,20.579949332275458,33.809977921415765
0.20833333333303017,6.861379589847387,5.959964450999572,20.39517871286804,33.787558380934335
0.21666666666669698,6.82692630958858,5.9314861945576745,20.70428558069708,33.787631331026276
0.22499999999990905,6.788906293696729,5.892578274189477,20.70382821152687,33.77230134367596
0.23333333333312112,6.770058599138344,5.868842399919878,20.69553539936324,33.75516646113443
0.24166666666633319,6.779323510514184,5.838764242816202,20.4612884031277,33.74241789184807
0.25,6.745484929691079,5.843323865178989,20.467387092297848,33.73798077498788
0.25833333333321207,6.705252817727145,5.807296310464487,20.589899599444962,33.73382266430429
0.26666666666642413,6.6583077020631585,5.76524110134254,20.584737517757073,33.72452189032877
0.27500000000009095,6.60420080266323,5.731797227334928,20.588088087035917,33.73216077770259
0.283333333333303,6.5512446100739234,5.695873959738176,20.47112628383919,33.732301209459926
0.2916666666665151,6.50117745232913,5.660775977567102,20.477588090996363,33.74245774980526
0.29999999999972715,6.452878486369731,5.601557544639266,20.505026230348662,33.76628194562566
0.30833333333339397,6.375997755571099,5.575239885311474,20.51594245024894,33.773153984167784
0.31666666666660603,6.323922612544482,5.529197063298328,20.527241085495735,33.804020879460666
0.3249999999998181,6.25226409678993,5.43644246307041,20.508820855614935,33.82744208422363
0.33333333333303017,6.186354567723274,5.382892112870944,20.511363179653326,33.85384340445186
0.341666666666697,6.116490863747087,5.379942258740178,20.51576404298747,33.8901194719888
0.34999999999990905,6.0411248447515415,5.287936295977107,20.542414069520436,33.912583689590754
0.3583333333331211,5.96250533534478,5.21472061402286,20.5544385699427,33.956491718982186
0.3666666666663332,5.872958420269131,5.194987306157612,20.706465859868867,33.97047696504717
0.375,5.796759362283338,5.13578812771034,20.753856172534718,33.997823598467626
0.38333333333321207,5.723520691921632,5.082270206444041,20.776591159425774,34.02363805110225
0.39166666666642413,5.646826025240207,4.989246431459381,20.794405264524322,34.05024450474701
0.40000000000009095,5.561736475340109,4.994253918491255,20.803287165062702,34.080603099815036
0.408333333333303,5.495990053933899,4.911092170782439,20.820034612915865,34.10077155061085
0.4166666666665151,5.419529396914931,4.866106826025899,20.824045255339215,34.125764819129124
0.42499999999972715,5.188366947463595,4.834994234671019,20.822426911062266,34.14234634119744
0.43333333333339397,5.121940761379196,4.80393689805556,20.853539315894178,34.14397800408468
0.44166666666660603,5.051659220520987,4.781187477594012,20.718490584849047,34.173623980458075
0.4499999999998181,4.98475903319875,4.794440320611686,20.743883944572676,34.18908136564279
0.45833333333303017,4.90222972483776,4.7570606418140935,20.7477694968019,34.19326579481952
0.466666666666697,4.841630740449463,4.68599578192436,20.879547746836103,34.20439282313331
0.47499999999990905,4.762538816239246,4.644286937645652,20.907957614617374,34.22607781517054
0.4833333333331211,4.665470430674766,4.629446130912182,20.933958653545446,34.22573407792322
0.4916666666663332,4.707190469573195,4.567157393154003,20.963572730659322,34.23560466350346
0.5,4.45598716609558,4.496646990445169,20.832568498461818,34.24646595914061
0.5083333333332121,4.343001226341517,4.410420894408842,20.853526393829405,34.25618576172601
0.5166666666664241,4.2128080165484425,4.329031956408992,20.956031721400887,34.28670189206634
0.525000000000091,4.2267806640325185,4.2026977207854195,20.845816732665963,34.30506075370177
0.533333333333303,4.071219712482187,4.08843300834732,20.945705457888234,34.330851106189485
0.5416666666665151,3.901838348873008,3.9960121466291127,20.95512648868166,34.347829512905385
0.5499999999997272,3.7371450444367302,3.8786846942216657,20.966868789634614,34.359362185241
0.558333333333394,3.5909329207048866,3.7889609349755773,21.006092897346655,34.37168821846541
0.566666666666606,3.4706773353087095,3.6750306806335242,21.027554544630128,34.37828322943391
0.5749999999998181,3.3439951683488496,3.57217971342211,21.02754036658634,34.40034458375061
0.5833333333330302,3.2369918133791495,3.499541099815797,21.0335953993748,34.41439151024488
0.591666666666697,3.135923014212151,3.4424967143339598,21.045880345512874,34.44643314268416
0.599999999999909,3.031076811854988,3.3649186350529248,21.089821690960246,34.46491183703065
0.6083333333331211,2.91855688138347,3.2949709637536695,21.109782530983317,34.492518869404606
0.6166666666663332,2.787631602061306,3.2088310515064333,21.130456850491406,34.53033065764559
0.625,2.6596348205583094,3.071880713888592,21.03366302403481,34.56102800892152
0.6333333333332121,2.5418146571318965,2.97518571879698,21.065651674740987,34.60391619383335
0.6416666666664241,2.3378049410313326,2.8572261519241224,21.098443007711694,34.64326370206256
0.650000000000091,2.2162952729757706,2.742418719793735,21.167749343508913,34.6824997302731
0.658333333333303,2.1116655148277346,2.6173493831042713,21.219488019517428,34.728498960143604
0.6666666666665151,2.006905139804075,2.5033345026583236,21.26338544890744,34.75680735144988
0.6749999999997272,1.9043553077182303,2.4061865658176735,21.125544784808977,34.8054989790938
0.683333333333394,1.8025198398768614,2.3166870262566874,21.288386811733346,34.85665143090727
0.691666666666606,1.7998978185470336,2.2181232990322437,21.331734859898642,34.908809790022715
0.6999999999998181,1.722997537974687,2.1003058871109785,21.34302575328247,34.96026574220438
0.7083333333330302,1.6480269703464903,1.9736442954210083,21.365686448493214,35.00782033747436
0.716666666666697,1.5910885481681016,1.8355411908189991,21.419108583586215,35.041556677204824
0.724999999999909,1.5363020441848674,1.7067570510587027,21.462218290843488,35.082294074550305
0.7333333333331211,1.4834964542312197,1.5676098431953844,21.543813073661465,35.12582320234337
0.7416666666663332,1.4139466406601655,1.4169603852618249,21.60396257399373,35.20981700531291
0.75,1.3751869168438853,1.2437189354135214,21.67445336173064,35.290389172687455
0.7583333333332121,1.3636190819986025,1.0718843273965355,21.86846112312818,35.342107282486936
0.7666666666664241,1.36097523624449,0.8966282322904293,21.901055655306852,35.35805428231331
0.775000000000091,1.3899390193994408,0.7003673800403941,21.935936300308686,35.39826043949829
0.783333333333303,1.4470573236477584,0.5042015944755321,21.86895946013787,35.41622253079968
0.7916666666665151,1.5562403360141506,0.3319888953202014,22.021682022029022,35.44575603504741
0.7999999999997272,1.7354137913105843,0.18410750613665874,22.044556711540327,35.45156115524264
0.808333333333394,1.929017531249331,0.17505896099465632,22.053665477343962,35.45991993485885
0.816666666666606,2.1421657781128234,0.3592254109498454,22.087218365697648,35.43236137162076
0.8249999999998181,2.426426442361154,0.5171358647939959,22.140282432151718,35.43935342762314
0.8333333333330302,2.6882649670350154,0.6890501168047343,22.208391140593182,35.48321817947526
0.841666666666697,2.9382023382242632,0.9037494435492306,22.252786714881672,35.52838362991534
0.849999999999909,3.1927136558606803,1.1431381332921742,22.195882129245586,35.585840472674754
0.8583333333331211,3.4606834902797656,1.4180043467832988,22.23431700147416,35.65786257287505
0.8666666666663332,3.733710790782585,1.7149049817924398,22.36231154308167,35.69589534882914
0.875,4.028632148195391,2.0126939797475654,22.447384643054352,35.753933185947176
0.8833333333332121,4.395857187716702,2.370020300639405,22.550111380799517,35.812962133897486
0.8916666666664241,4.751618890241022,2.734073760628849,22.713800757687917,35.887864842499084
0.900000000000091,5.192224780900145,3.140948540561218,22.910190691827847,35.964820328730426
0.908333333333303,5.7529710262290354,3.5490055116056203,22.955779458406894,36.061260226436474
0.9166666666665151,6.114709812856197,3.988976922041888,22.946516535400605,36.13086377717648
0.9249999999997272,6.554978727892619,4.382155723315019,23.09913568760398,36.220463966113236
0.933333333333394,7.013348238869177,4.963877142256102,23.149868625689358,36.30794988993588
0.941666666666606,7.609626028719752,5.3272045309797065,23.258842527189255,36.35105917951004
0.9499999999998181,8.03715502413347,5.763902508263157,23.44638613984921,36.48609733505301
0.9583333333330302,8.433904004289115,6.139600922920341,23.52413371988618,36.567693166195795
0.966666666666697,8.853223054734915,6.541597424422157,23.604531742361047,36.687274612043176
0.974999999999909,9.259812402163883,6.964094157482465,23.8289691716413,36.76859057591465
0.9833333333331211,9.639098965170804,7.432406435516042,23.970082662380783,36.88922554409377
0.9916666666663332,10.016810618543118,7.919277046617182,24.14677850676873,36.934273474845355
1.0,10.445551716425902,8.452680659740809,24.010034650475244,37.064951499686856
1.008333333333212,10.902317848328078,9.087264909744302,24.44006957283257,37.08468536806303
1.0166666666664241,11.373666695795734,9.458686446623702,24.451345726464748,37.23023645929639
1.025000000000091,11.847265617355998,9.94211206995182,24.634616324969553,37.311104668949106
1.033333333333303,12.306795639338928,10.482171688596525,24.720232798781744,37.42496075352243
1.041666666666515,12.736423902136377,10.990541654218955,24.88009427169117,37.51618312747185
1.0499999999997272,13.180579125531699,11.50150570199358,25.051392749891075,37.60377547234528
1.058333333333394,13.697712380679494,12.008324095351075,25.2704948391513,37.66602290826964
1.066666666666606,13.928243300024123,12.501487795736985,25.309667664369687,37.79928814592104
1.074999999999818,14.384629754893187,12.971784043182856,25.67566383533043,37.883254722199716
1.0833333333330302,14.862866724206386,13.474264254747927,26.283618589762884,38.0212992878952
1.091666666666697,15.33250925644481,13.971235777699828,26.245431448939065,38.20092119677166
1.099999999999909,15.922534732991872,14.548228942528228,26.403043000337533,38.218782667914425
1.1083333333331211,16.298431264459023,15.103020113090949,26.59349933061204,38.41311160858837
1.1166666666663332,16.86840749672016,15.72175565569999,27.069387527076685,38.43930509723932
1.125,17.537114842639678,16.300171869053734,27.030851890137665,38.61210239692213
1.133333333333212,18.136669793256182,16.83728143604548,27.607859253416574,38.74623090895529
1.1416666666664241,18.741028436300695,17.549988509078105,27.751078232936518,38.98885975818349
1.150000000000091,19.36188754334165,18.144178395068973,28.09131949163844,39.18086683204918
1.158333333333303,19.943146992482866,18.80609602119058,28.60166104145314,39.382787911268274
1.166666666666515,20.41975907806479,19.400052795627584,29.065320727028325,39.61922991131717
1.1749999999997272,21.023628721910217,20.163550381327525,29.332469387166903,39.919978469432635
1.183333333333394,21.594168308507726,20.579129747087492,29.53988093582981,40.12331166391342
1.191666666666606,22.246473224614114,21.260188043604494,29.7380981084179,40.334938487213634
1.199999999999818,22.800217161647502,21.944557918689604,30.136169219197964,40.54579221645205
1.2083333333330302,23.296869648038125,22.68460558020504,30.05829721103091,40.708843953127335
1.216666666666697,23.837436920211186,23.616394030358396,30.00721850701887,40.87507840848759
1.224999999999909,24.3943571277086,24.393723929973138,30.130570480960124,41.01723915875463
1.2333333333331211,25.049140105491656,25.11099762087528,30.33386470541504,41.1740633644645
1.2416666666663332,25.56206731643931,25.703525972272885,30.400493893482345,41.332558546334475
1.25,26.158938930188082,26.40244746992352,30.554459143115356,41.48147528625105
1.258333333333212,26.80171711510041,27.118253456509493,30.603267380468075,41.580042119576525
1.2666666666664241,27.48784927543141,27.801529667202807,30.67261809517135,41.785835497749275
1.275000000000091,28.055715667604343,28.559452493867525,30.649502113038878,41.872661821953336
1.283333333333303,28.712890080883476,29.20343015368482,30.86009645085101,41.92565678296329
1.291666666666515,29.32727334430923,30.06614872247992,30.437381753567912,41.956728277326405
1.2999999999997272,30.03187302451978,31.050022799681265,30.56514205093851,42.05279015168648
1.308333333333394,30.715116601368376,31.8828681794868,30.453243637004316,42.24635630559336
1.316666666666606,31.484685446791463,32.78988123945148,30.046684144247443,42.277866038981124
1.324999999999818,32.06511740575035,33.52496288599758,30.2671300440234,42.415594022311254
1.3333333333330302,33.078530403118386,34.309844861663116,29.924492881033256,42.55283164244768
1.341666666666697,33.8342644794586,35.14527276199016,29.683934487075476,42.627571572763806
1.349999999999909,34.496959967743585,35.79436013531957,29.625490996960743,42.839860964745284
1.3583333333331211,35.39223725716186,36.57401803911684,29.454328491824306,42.98286652730225
1.3666666666663332,36.154357703018775,37.506074652069714,29.323960887933566,43.1131556206041
1.375,36.960344343221905,39.10833633459656,29.456265684634868,43.05694114766345
1.383333333333212,37.7948876827589,39.35571360618875,29.345326861420507,43.23134222790039
1.3916666666664241,38.58764798031946,40.13688403821348,29.072615304808632,43.283090124442005
1.400000000000091,39.40459042391559,40.82220006291501,28.97935649379975,43.4358090723218
1.408333333333303,40.23163803812488,41.83458878461725,28.676237098550004,43.477099208145134
1.416666666666515,41.04616855123534,42.687563236742044,28.360324787196376,43.66796701216473
1.4249999999997272,41.92339196684428,43.58839839562891,28.56014348809969,43.74927117650255
1.433333333333394,42.74079963570556,44.410770099859654,28.685922593940393,43.88550377109771
1.441666666666606,43.71428307535508,45.30121222029341,28.58823283551351,44.11047471236704
1.449999999999818,44.607671891565474,46.0984096633663,28.808364878244543,44.10175664552323
1.4583333333330302,45.45936840103919,46.7949170783213,28.680816430666223,44.13475868610215
1.466666666666697,46.46641863186643,47.6209329368976,28.660028094286623,44.13814760464006
1.474999999999909,47.361331696923585,48.441742028350525,28.715566593429354,44.154427565060935
1.4833333333331211,48.276841026148496,49.32946862923978,28.500056821527817,44.1907903664853
1.4916666666663332,49.13133210951063,50.4488400312015,28.448159168512795,44.3044398778287
1.5,50.09110321790101,51.41400374545953,28.401013261129496,44.221933392776826
1.508333333333212,50.91937433499888,52.32323137055194,28.159396778077824,44.272709565527386
1.5166666666664241,51.751727224575795,53.22360979699232,28.084853453651085,44.38798513765191
1.525000000000091,52.62265008446206,53.954481734228274,28.086700433508508,44.38278241670411
1.533333333333303,53.52428774951922,54.87282083521487,28.08509992532514,44.51958468748042
1.541666666666515,54.45779445292235,55.81220683217491,28.084182825601854,44.551808284215326
1.5499999999997272,55.291419618540196,56.90151284286971,28.067584689149314,44.57628292373084
1.558333333333394,56.176242072269595,57.64072599807491,27.805214527939278,44.565726429149514
1.566666666666606,57.10599599247587,58.59860756471018,27.857790848828085,44.668935207695014
1.574999999999818,57.96430592152304,59.398145279095,27.67755344383086,44.617180573767136
1.5833333333330302,59.05521966636365,60.438057299525205,27.655354014916792,44.69317587652913
1.591666666666697,59.87710198239506,61.319746853474946,27.581546759659172,44.76775253752192
1.599999999999909,60.75606402056237,62.2251268156185,27.675476111449925,44.9690550753849
1.6083333333331211,61.62298944720102,62.97965828319918,27.796058303643314,45.14270748710391
1.6166666666663332,62.54687533316017,63.79854280003802,27.812896024486864,45.34113276687931
1.625,63.398624337638,64.63273302852188,28.11810998403635,45.641978659404366
1.633333333333212,64.29676841973252,65.36929963600012,28.100373675045834,45.860100815896345
1.6416666666664241,65.27551752426574,66.14866050933482,28.12170936287832,46.11146720948763
1.650000000000091,66.10199462220689,66.968306750588,28.34609349089259,46.36283427855148
1.658333333333303,67.0287767040188,67.68743862786152,28.550130260739945,46.50207029971559
1.666666666666515,67.88242053938107,68.46373518440934,28.518725887114922,46.81171236104651
1.6749999999997272,68.69242653288894,69.27315218421398,29.11808045805101,47.01429165053216
1.683333333333394,69.66139708452029,70.07277335038262,29.57918856035003,47.254864187921804
1.691666666666606,70.4039607585209,70.87339002434332,29.3086313421424,47.507476318140064
1.699999999999818,71.2875973773103,71.6491353717725,30.02556391519039,47.83007694126395
1.7083333333330302,71.99110872828031,72.35051392834595,30.14846084366653,48.211834493107766
1.716666666666697,72.76678065145984,73.11786788934867,30.501602622080533,48.621347333321246
1.724999999999909,73.53333887482218,73.76959332195847,30.748072122005834,48.98675334845044
1.7333333333331211,74.27424228722602,74.44576370954397,31.10557925276873,49.31726908042844
1.7416666666663332,74.9823413431,75.03878479444931,31.25464531692548,49.74554326704433
1.75,75.71488745164746,75.7075151128439,31.63837705059408,50.035461383812226
1.758333333333212,76.35357653214079,76.30435080699348,31.914171246182697,50.44411207837374
1.7666666666664241,76.98986747255357,76.99314972193366,31.828467595300406,50.682428013748314
1.775000000000091,77.74760135015786,77.66033218700116,31.881180619352325,51.05642123876047
1.783333333333303,78.35794581829508,78.27916240766459,32.08448694236958,51.39028931466434
1.791666666666515,78.90111078385789,78.93211449181769,32.31313100177856,51.65857265043522
1.7999999999997272,79.44624426404499,79.6874671601854,32.39659583418451,51.86182357781588
1.808333333333394,80.05155865899278,80.31376866497246,32.47136654137931,52.00941912319187
1.816666666666606,80.65148776538763,80.92297186679686,32.61994413927509,52.2920735168494
1.824999999999818,81.42637591802463,81.49548603986678,32.70905714374953,52.599296541776376
1.8333333333330302,81.80460640102204,82.01380003732744,32.60077612192618,52.68699710127171
1.841666666666697,82.34967049512379,82.50034628266468,32.444673838079446,52.928859380155934
1.849999999999909,82.88795759024319,82.99652454306094,32.44516941639733,53.000897962956515
1.8583333333331211,83.42801774244329,83.49279633601667,32.01266855982998,52.95746914999172
1.8666666666663332,83.96483745130584,83.99606376894747,32.267385697426874,52.98957845106029
1.875,84.44689093914394,84.60800987262412,31.815677277207513,52.94031150249978
1.883333333333212,84.92384178334915,85.15485423951627,31.557525483101664,52.63247511412559
1.8916666666664241,85.37823364420072,85.68432069678421,31.268199503286684,52.757006540989316
1.900000000000091,85.83377784808877,86.22741070337975,31.337957311775714,52.52485721920701
1.908333333333303,86.32730324640997,86.73139253517736,30.517924044172492,52.1915627230902
1.916666666666515,86.7855871231819,87.14655145334369,30.414786488778997,52.19382929503903
1.9249999999997272,87.23871418555537,87.54707037485024,30.283252627724636,51.92221370323135
1.933333333333394,87.6969828879169,87.94579653209853,30.18614142610547,51.746167867152565
1.941666666666606,88.11566277777669,88.32028051595668,29.956064154115396,51.57546937707805
1.949999999999818,88.54906379672502,88.71693119555735,29.40330321665143,51.46533814717987
1.9583333333330302,89.04306723026482,89.1193677678744,28.76817780776613,51.24445894439265
1.966666666666697,89.52007202813569,89.49566538941639,28.51395856506612,51.111674773173426
1.974999999999909,89.9422964087709,89.88553152020255,28.35642999695419,50.799931902626206
1.9833333333331211,90.54440075946455,90.21873519634842,28.14248965207291,50.65071471469995
1.9916666666663332,90.70568249735867,90.64625660850831,27.710214668757505,50.46116540609232
2.0,90.90751644554389,90.89177777055255,27.164657493067963,50.22793182985847
2.008333333333212,91.15850472375962,91.14646124863604,27.157551791783792,50.188473531858016
2.016666666666424,91.20033893177869,91.30353804866644,26.628968195169577,50.01096117595795
2.025000000000091,91.26372339361353,91.26901181234074,26.653082391093733,49.92131029714415
2.033333333333303,91.18702603131162,91.30466436422927,26.442997844789744,49.85822000283883
2.041666666666515,91.20079470141314,91.21803213681017,26.31826092601777,49.88683784547502
2.049999999999727,91.09228323009935,90.97545984940562,26.60115438102801,49.887944788777574
2.058333333333394,90.9550662567655,90.79107026579993,26.605959329535867,50.319056678702545
2.066666666666606,90.78038312275342,90.50681845173091,26.907344274616996,50.36372563667401
2.074999999999818,90.6395239537183,90.32656245432588,27.38008147457684,50.72812576557504
2.08333333333303,90.5035699511713,90.24153801040737,27.372476846977182,51.08455063968235
2.091666666666697,90.47632504287314,90.28237508821049,28.28481533444087,51.41922032008101
2.099999999999909,90.5105375127135,90.34106028410517,28.843593235655327,52.09116825806566
2.108333333333121,90.4637976938222,90.46281233866051,28.753204864081578,52.55881563788506
2.116666666666333,90.52563220137164,90.55694046659906,29.474466496053537,53.017450011077315
2.125,90.45628925000833,90.6928156672217,30.183200856487506,53.47121190942804
2.133333333333212,90.38730749579827,90.77051319012412,30.34609298961384,54.02759875131857
2.141666666666424,90.28504350239896,90.82447040045597,30.63744372072897,54.755532224137546
2.150000000000091,90.34770499167435,90.90019076310949,30.919320639229948,55.132953670706996
2.158333333333303,90.29333047494666,91.09612650626693,31.06984175905619,55.477021178972066
2.166666666666515,89.94745295693708,91.39007725963724,31.311741453777753,55.835684705371854
2.174999999999727,90.1349238061953,91.41189780570822,31.814781000511697,56.19405754139561
2.183333333333394,90.04145713951391,91.435718292304,31.76688047838388,56.635865290889704
2.191666666666606,89.97771256545113,91.55337324653027,32.25909333059345,56.909816006072155
2.199999999999818,89.98229227334257,91.53800217292678,32.89929804239305,57.15221154572374
2.20833333333303,90.00500308316167,91.60213525236622,33.29996500965821,57.37927298150159
2.216666666666697,90.073445949213,91.67238885432404,33.33550984483267,57.58994899160927
2.224999999999909,90.1653709523853,92.24205701114661,34.02031027764724,57.89442079396788
2.233333333333121,90.22810411377104,92.01865378479206,34.63159105918248,57.577579599629544
2.241666666666333,90.28479811165282,92.02220115078983,34.82754132648562,57.7623076146785
2.25,90.39994776930241,92.09057395686726,35.09915791964452,57.7491486987742
2.258333333333212,90.16191131902167,92.18805999537285,35.63394402309631,57.36586713403248
2.266666666666424,90.10810219755747,92.23920301265785,35.69827977046568,57.00738106385328
2.275000000000091,90.07806124428967,92.23196943357587,35.65078970824639,56.57235498550789
2.283333333333303,89.88462033054473,92.24817516597938,35.632782698620396,55.92675550792022
2.291666666666515,89.85636560244599,92.18434926196984,35.36161428310904,55.321192821494066
2.299999999999727,89.66864882957199,92.20671165021218,35.25260492529933,54.64933611436532
2.308333333333394,89.44170419983281,92.14168620947117,35.137341820013255,53.93242158937135
2.316666666666606,89.45022077150382,92.19227804201493,34.87184415371344,53.031911143559405
2.324999999999818,89.4110103324186,92.1683838652392,34.54406419055945,52.21406096068251
2.33333333333303,89.33481051396159,91.66596570829924,33.91114094627609,51.05847263198499
2.341666666666697,89.28149645165657,91.65651056367797,33.76625156190007,50.12094654556231
2.349999999999909,89.22198246160757,91.61085054951258,33.08328356507566,49.16186554606786
2.358333333333121,89.1941702020294,91.41251686748062,32.61131959768718,47.89623960606777
2.366666666666333,89.15110979902482,91.52210115639903,32.209306281081716,46.83357180916273
2.375,89.08534440484597,91.50173942104003,31.19233587622926,45.60204883310012
2.383333333333212,89.00416359269514,91.52991970813105,30.44911029100035,44.56329041604057
2.391666666666424,89.01113224209814,91.41086696373519,29.16714760691449,43.3480628638793
2.400000000000091,89.0645637879903,91.33160953996732,28.43342519789476,42.20338830312656
2.408333333333303,88.99757885380409,91.3391715250905,27.473149008223942,41.214086679901534
2.416666666666515,88.84261958889829,91.35957527833857,25.811793054709018,40.25615283910891
2.424999999999727,89.00835833462145,91.35673407015332,24.927717523396687,39.64352633680325
2.433333333333394,88.85952020294158,91.33612481123482,23.595773432939488,38.807229685659564
2.441666666666606,88.86702287631792,91.3952574457473,22.699108776541415,38.14916121084926
2.449999999999818,88.88365499048176,91.42784258696331,21.667237215064816,37.603826368919215
2.45833333333303,88.89869046995511,91.44970585815193,20.614054592010344,36.80146984993435
2.466666666666697,88.92380667232979,91.44367968543838,19.628446020542153,36.269552000193634
2.474999999999909,88.95715551781628,91.44909111746479,18.793752200582144,35.823435537223425
2.483333333333121,88.91515993078468,91.44176286423465,17.959929522785213,35.479663191118746
2.491666666666333,88.93761708298132,91.44168613033331,17.364992407164525,35.203454116099316
2.5,88.91556991489202,91.44091756074828,16.757692699330352,34.9713362018793
2.508333333333212,88.90195671078884,91.46334042807693,16.269639260342853,34.859192780284694
2.516666666666424,88.89362598827898,91.46767050544088,16.06814476124791,34.91106104445342
2.525000000000091,88.90634056043282,91.48224579200482,15.901867849476782,34.89612106572274
2.533333333333303,88.91451219677796,91.49331703349577,16.05196696612847,35.08866482531326
2.541666666666515,88.90539331745897,91.48591556116905,16.082784702356534,35.276124521069704
2.549999999999727,88.91437066760538,91.49302387611722,16.48825074753275,35.5501195920942
2.558333333333394,88.90252450924432,91.44587788436287,17.02552606252164,35.977620465328165
2.566666666666606,88.89571098488591,91.47425378544834,17.636382779562116,36.322421649957626
2.574999999999818,88.89641160574133,91.47349580787724,18.35497403287376,36.8418672701228
2.58333333333303,88.8952637612388,91.50839651551192,18.919330811872374,37.32629038936435
2.591666666666697,88.89386929769155,91.49454235178628,19.677029588614012,37.90574642316548
2.599999999999909,88.8930478700708,91.49301337397817,20.616713944880154,38.32380785174062
2.608333333333121,88.90549248009476,91.50397845607958,21.790780663813386,38.866213435894664
2.616666666666333,88.89801797283121,91.50582098472994,22.537330253365486,39.50090793317614
2.625,88.90965923419809,91.49045062509157,23.92359242647315,40.01941236522657
2.633333333333212,88.92799041414256,91.50437084635335,24.744479470198126,40.70528731934229
2.641666666666424,88.918897555133,91.43941437680441,25.943053614347306,41.2311137603064
2.650000000000091,88.92755406758774,91.43243073023882,27.1157985059103,41.93312774391218
2.658333333333303,88.92593625032178,91.46135142312295,28.40062056680214,42.62543625462319
2.666666666666515,88.92563808031866,91.42775984085489,29.717858584553923,43.24576861952809
2.674999999999727,88.92728390896346,91.42022740611779,31.036083745547835,43.980620319119
2.683333333333394,88.92750550101367,91.41081779193912,32.25472761738179,44.7225569199753
2.691666666666606,88.92202146301985,91.40628358712883,33.77587146489436,45.46638125482914
2.699999999999818,88.92463023104722,91.41900811443436,35.08452526045228,46.19802202183377
2.70833333333303,88.93168282935959,91.40981287963263,36.239056778035376,47.05326366993927
2.716666666666697,88.93097185123928,91.42339190496607,37.65000867930166,47.85967586765495
2.724999999999909,88.91303446601947,91.43383907599573,38.9168539287764,48.68660404663681
2.733333333333121,88.9180204873849,91.4470657870213,40.232390648889115,49.57023131697716
2.741666666666333,88.91028510965505,91.45557087644366,41.460320982035235,50.35469922720013
2.75,88.89833035523563,91.44288421897132,42.697519593251435,51.18161222839205
2.758333333333212,88.87328961771874,91.45354833346025,43.877102261771974,52.01323577365035
2.766666666666424,88.89233195224486,91.45444595538343,45.127236434415146,52.80534372417751
2.775000000000091,88.96220361964443,91.40345896897809,46.181185641261195,53.722782880516554
2.783333333333303,88.94557646714921,91.48046591920618,47.39649143902238,54.463976425357195
2.791666666666515,88.95029020470844,91.4821669059411,48.67562974947095,55.34917766455731
2.799999999999727,88.94754365532764,91.49261011253373,49.84085475573119,56.08789716995337
2.808333333333394,88.90282357723537,91.49057922300514,50.85353456181785,56.74845013852552
2.816666666666606,88.94492230015227,91.77582192576736,51.82736705099122,57.58300338803207
2.824999999999818,88.92183603519226,91.46000951372895,52.88767244044348,58.47664626489856
2.83333333333303,88.9207067826498,91.45634328512149,54.06270420640076,59.16224578076697
2.841666666666697,88.89285191041498,91.45618709851668,55.05880145823324,60.02211929285099
2.849999999999909,89.04047119417484,91.46796461674718,55.76431562548362,60.78521861174273
2.858333333333121,88.89888084909103,91.46395102502707,56.8701475752364,61.47606315059766
2.866666666666333,88.93928744260228,91.46782525585088,57.534542003578636,62.3856355513072
2.875,88.96282661976963,91.47992112460102,58.460318569659314,62.9832394188114
2.883333333333212,88.97674681587003,91.54714086938947,59.080257617498305,63.64659559015205
2.891666666666424,89.0029221570392,91.54354710796122,60.042619201836125,64.60296352549966
2.900000000000091,89.01143606674268,91.53511277698722,60.80276262695434,65.2404552959578
2.908333333333303,89.00626361058501,91.54440366978675,61.5471469972321,65.94160638950119
2.916666666666515,89.03004844684187,91.57467806742717,62.38843262222103,66.73731278426378
2.924999999999727,89.04359401974334,91.5232449295369,63.109977953965625,67.56249114352156
2.933333333333394,89.0103423284227,91.54227569512557,63.83204749128923,68.40035896877686
2.941666666666606,89.01937507086322,91.56597620723765,64.3864992932997,69.24098955610216
2.949999999999818,89.02225957538454,91.61491728843906,65.333970059012,69.94494920111161
2.95833333333303,89.04885951277247,91.66951481178293,66.03886111685446,70.50455355225934
2.966666666666697,89.05356620174578,91.710433870836,66.66944586340006,71.37533060740562
2.974999999999909,89.07703132637397,91.74574974045274,67.43048687181731,71.98017182850491
2.983333333333121,89.09230170857644,91.73952823469934,67.88941741756247,72.86069860405411
2.991666666666333,89.15323624574829,91.80718068709953,68.67379504797529,73.44903918601322
3.0,89.15427594399304,91.86306110600158,69.33064578298765,74.07264882665022
3.008333333333212,89.2053652989827,91.9609423878875,69.79566197691075,74.69813497422733
3.016666666666424,89.22268185691279,91.97906935885936,70.62551460897963,75.35025788667681
3.025000000000091,89.26088928260762,91.98020749750428,70.88276172861312,75.95593729998076
3.033333333333303,89.33259727828276,92.13239867383803,71.5468171179751,76.56738210639351
3.041666666666515,89.41105632814477,92.21136077731185,72.06029183440288,77.16279534744264
3.049999999999727,89.49445938869157,92.33842159348808,72.5108940004256,77.71750234899501
3.058333333333394,89.55501138894432,92.48609479551583,72.91734513423833,78.09668030876244
3.066666666666606,89.61479932340066,92.62473579208688,73.39384973347524,78.52475467250268
3.074999999999818,89.67918290374085,92.78565701754664,73.73489675198655,79.06201865795774
3.08333333333303,89.73757275354566,92.99843391745169,74.1687080377145,79.37426334543517
3.091666666666697,89.76958506123283,93.15255327347961,74.56416790801624,79.76647912009814
3.099999999999909,89.81095218873953,93.36820603558097,74.88923986709017,80.18408284866392
3.108333333333121,89.87092253910528,93.44917835488991,75.1337289791718,80.69881962891117
3.116666666666333,89.91529143972367,93.55455090645044,75.44285041991695,81.00040249438015
3.125,89.97303298573816,93.66457444309698,75.65128513807394,81.31877678336997
3.133333333333212,90.03271920763981,93.73822101963754,76.33392979803126,81.79651441233025
3.141666666666424,90.16245359923781,93.81820505179424,76.62924897066387,82.03650722268226
3.150000000000091,90.30280470903735,93.8556422863266,76.7705081724488,82.39677966650801
3.158333333333303,90.4432491052654,93.84935419106006,77.14609580247458,82.68582906637587
3.166666666666515,90.56893159383802,93.81968217480734,77.38526601254263,83.02628350908797
3.174999999999727,90.70738366391456,93.75714830789194,77.64399376927165,83.2799599803301
3.183333333333394,90.78527654940046,93.7697536714982,77.89051386966959,83.56905052312311
3.191666666666606,90.8659550405626,93.68326925331601,77.94736826959104,83.72540034128296
3.199999999999818,90.94390886364368,93.59463110316327,78.34171666483837,83.96813662052224
3.20833333333303,91.00238486696777,93.54092631758687,78.09363046500282,84.24102072847667
3.216666666666697,91.00431002980785,93.53952830773035,78.35229131599348,84.48227199503735
3.224999999999909,90.99437260978466,93.56123866922817,78.75982775013955,84.74641968116936
3.233333333333121,90.97627273248132,93.61655570164388,78.86168075169103,84.94318661170094
3.241666666666333,90.90249841072256,93.66504280031589,78.83662632219249,85.24043219970319
3.25,90.84805966430119,93.69874555007898,79.33547125608021,85.51667225728073
3.258333333333212,90.8150805970228,93.73011752092557,79.306649565084,85.75069243437324
3.266666666666424,90.85184865726735,93.73162668084912,79.57155344825104,86.00491823663663
3.275000000000091,90.7998035584669,93.72707552811526,79.65572181042592,86.22699591202662
3.283333333333303,90.78706485101962,93.76756263904238,79.77477782624103,86.46037495071553
3.291666666666515,90.80439430317053,93.73145147048636,79.8680017827617,86.65104254458474
3.299999999999727,90.82821473667605,93.80698744686472,80.1765894209462,86.8266743555691
3.308333333333394,90.86289883396397,93.8732751917928,80.48930995536112,86.98947392018101
3.316666666666606,90.83419935820149,93.84811142455382,80.5887492500858,87.20063063618319
3.324999999999818,90.79617805005151,93.9387034209881,80.59312395008502,87.40828204097235
3.33333333333303,90.77696220793158,93.91798158498753,80.93468523579169,87.59077614210392
3.341666666666697,90.72276589557609,93.89818175554169,80.9810535932325,87.74861788821968
3.349999999999909,90.64724763824474,93.87754552984893,81.31809654602066,88.03464172458372
3.358333333333121,90.59049131601704,93.75936099355998,81.51714347260628,88.28626022712018
3.366666666666333,90.57678223727699,93.68933521819086,81.71560250046446,88.42443925210328
3.375,90.56793399534007,93.6070069870994,81.82852906187145,88.82852107404341
3.383333333333212,90.5113067383753,93.51130941253881,82.08382293526944,88.88699143919055
3.391666666666424,90.38885257157412,93.44965714896858,82.29406969884492,89.16483313343943
3.400000000000091,90.27219054953652,93.30842369868745,82.2883034029187,89.35397935778046
3.408333333333303,90.19366671507225,93.27326469835806,82.70834974010828,89.6067051344231
3.416666666666515,90.14990326769838,93.203930885079,82.62748462287213,89.83977999559247
3.424999999999727,90.03340868879701,93.11959026384802,83.05123390832753,90.00546271881572
3.433333333333394,89.85283856104226,93.03747930480617,83.03257464165826,89.96308449536093
3.441666666666606,89.68952421043056,92.85213880138953,83.12206779457205,90.03943781049385
3.449999999999818,89.56217896483045,92.75650439366248,83.33453093795437,90.01956334521942
3.45833333333303,89.44942729478812,92.73133412784414,83.14618538676487,89.98994960933882
3.466666666666697,89.37540245208156,92.51633519689233,83.04339267318029,89.90006994732147
3.474999999999909,89.31657237816873,92.34937888370926,83.24551741160668,89.67659348119226
3.483333333333121,89.17767634832857,92.16358175760789,83.10788043873761,89.52552795840167
3.491666666666333,89.05807120268166,92.0039555168579,83.16628124963972,89.39553227710748
3.5,88.85687159286599,91.74371886980482,83.23304207789516,89.20229696354914
3.508333333333212,88.62917583669672,91.59268453437892,82.98795051877593,89.00117166647668
3.516666666666424,88.36803293907815,91.33098583615707,83.31493354484175,88.76276900986873
3.525000000000091,88.13019727585431,90.9704459744657,83.25898221336948,88.60043554740587
3.533333333333303,87.88211126757511,90.65370104646689,83.03648475516901,88.40707470179507
3.541666666666515,87.44961708115115,90.28254529003893,83.37218686721283,88.21973061673873
3.549999999999727,87.09738639273858,89.85526739974596,83.15098563058906,87.96668576427058
3.558333333333394,86.69239526972514,89.44717482101012,83.34619848141014,87.83515947215406
3.566666666666606,86.29899849417792,89.04378597533149,83.30437697346429,87.73167999760368
3.574999999999818,85.86366275998184,88.62641991632566,83.40022854162451,87.5259996030763
3.58333333333303,85.40620621259015,88.14404164098103,83.10980961470786,87.4355680155296
3.591666666666697,84.9641040855252,87.87434544205574,83.23947497495728,87.3498421497229
3.599999999999909,84.47093349325854,87.41293271455544,83.12547851410739,87.25819948186093
3.608333333333121,83.93794852378483,86.85858013016959,83.1476374129151,87.24615306470868
3.616666666666333,83.43828912746677,86.26309617758514,83.20644321282663,87.22573930334222
3.625,82.89836167903822,85.65575985088132,83.2977753261272,87.17801136490799
3.633333333333212,82.27309764731247,85.08227589724281,83.24696678571986,87.24410182878971
3.641666666666424,81.65689368944005,84.53025282284182,83.37891561562009,87.23500697237029
3.650000000000091,81.03050014803432,83.79334940859,83.39047687680127,87.13019428636309
3.658333333333303,80.41031893571694,83.23439887630062,83.17491191154777,87.22472672522873
3.666666666666515,79.7597146538556,82.48825103392979,83.15860126467614,87.0840168561223
3.674999999999727,79.08584397672318,81.8517022171259,83.35040073695563,87.03483063581335
3.683333333333394,78.38166733615003,81.19864861703674,83.32128630185652,86.95348648653814
3.691666666666606,77.73544996833311,80.49781450100456,83.30626725539123,86.91872474304995
3.699999999999818,76.99262219282613,79.80876596761854,83.21900332208308,86.73888592845056
3.70833333333303,76.26346879839873,79.24782566446791,83.04152151164132,86.70569023483812
3.716666666666697,75.49364622197552,78.38051043170944,83.22420770172269,86.6730028517688
3.724999999999909,74.70836825935876,77.62444245302706,82.96042358029989,86.51289704053879
3.733333333333121,73.87647538813059,76.85216296380659,83.17780463516237,86.52604885762204
3.741666666666333,73.08119884062135,76.03719439897868,83.17678399753181,86.37777116644217
3.75,72.23709892195544,75.20775655633935,83.13812093373826,86.31642389169113
3.758333333333212,71.31575350366543,74.40091087128638,83.0138559519227,86.25569910549865
3.766666666666424,70.55206920528639,73.60750289818256,82.85645522674044,86.08239857998217
3.775000000000091,69.77272189348886,72.79144747854959,82.91222987806475,86.12767315224113
3.783333333333303,68.87812419293923,71.96934276186975,82.83431556508481,85.96955140198314
3.791666666666515,67.99569083943352,71.09871317812816,82.62636286276964,85.87824977713629
3.799999999999727,67.11102925694887,70.23691051396868,82.69934157453238,85.79136139070985
3.808333333333394,66.1088027626424,69.40400106207329,82.78601629727898,85.59268393776212
3.816666666666606,65.2085737105291,68.5316677008327,82.83103892937994,85.57915256970006
3.824999999999818,64.28166066737589,67.68702187258964,82.85442052451576,85.39355926975746
3.83333333333303,63.35354853205192,66.82848452486735,82.67969524256524,85.3344308844049
3.841666666666697,62.5240696686282,66.07231804624114,82.88971143257815,85.18864989942016
3.849999999999909,61.57381256842422,65.09459971992338,82.89905210960738,85.12235328448014
3.858333333333121,60.68258628601769,64.23278347690419,82.53555907951679,85.0103815851753
3.866666666666333,59.76487867027766,63.337364734549766,82.90868411889372,84.94952431828675
3.875,58.82841981051945,62.43936969454769,82.8565854850002,84.95441717419003
3.883333333333212,58.0230267740831,61.57456775302817,82.9559149627877,84.85880253223718
3.891666666666424,57.11524048174933,60.710338076922255,82.6552958433521,84.81059194218452
3.900000000000091,56.18377406160211,59.829283626639494,82.87450689134029,84.64540007110502
3.908333333333303,55.243310146221795,58.88844154515687,82.77299241555322,84.61326539916087
3.916666666666515,54.33042710043672,58.11583255610885,82.97012342158568,84.39017109366894
3.924999999999727,53.45482694868199,57.21324644815625,82.78428208312953,84.39267280374281
3.933333333333394,52.54186697341402,56.39614338328493,82.67308448456967,84.29508611378466
3.941666666666606,51.79709988536328,55.51957726333271,82.77892424418205,84.23816601657795
3.949999999999818,50.885915887416516,54.729140679342365,82.73841629628883,84.1569743894805
3.95833333333303,50.06367174272829,53.86882205986523,82.66387582588425,84.17425686602226
3.966666666666697,49.202073640994485,53.08295053998335,82.5158540028389,84.01520991820247
3.974999999999909,48.34380853919324,52.217585142237766,82.6386551425504,83.95797687807264
3.983333333333121,47.51929755438741,51.384714646744136,82.51320434069659,83.86451306143357
3.991666666666333,46.66152455028021,50.55158353093419,82.50807945535252,83.82767102835952
4.0,45.77981635566655,49.70913012932399,82.43654818578369,83.80970767564716
4.008333333333212,44.90862652464205,48.85636194350666,82.41423458658748,83.75986108767627
4.016666666666424,44.056500685036504,47.99247342812173,82.42471713872902,83.73964096540118
4.025000000000091,43.223322460981336,47.15318568422323,82.3791861325486,83.69151841395932
4.033333333333303,42.37304208137422,46.34545225913582,82.38646124332648,83.59721086810704
4.041666666666515,41.5369194314347,45.51372924076083,82.32356269124163,83.64015148404665
4.049999999999727,40.863955351855935,44.669065215865274,82.33375269308146,83.51460897625729
4.058333333333394,39.888527737403805,43.844781497472916,82.36648411473469,83.55730877384663
4.066666666666606,38.95618033900057,43.0285746876622,82.31554936201074,83.56600594360319
4.074999999999818,38.141027329014825,42.14887036100733,82.27671659406948,83.57256100310475
4.08333333333303,37.4031248086006,41.32791451413383,82.30995325775038,83.5895749743185
4.091666666666697,36.66361953915746,40.452204525788005,82.29553819455496,83.53025992291818
4.099999999999909,35.753601043009446,39.643002104507225,82.27551116087743,83.55448538681124
4.108333333333121,34.977783106524214,38.808453921019165,82.30614538951352,83.59343672370547
4.116666666666333,34.15095089532194,37.98676221151669,82.28153266905565,83.53260189488999
4.125,33.42895111073988,37.14967693285451,82.14917250736075,83.5513688784142
4.133333333333212,32.46006013645784,36.34120020122322,82.13954742176038,83.55231454859356
4.141666666666424,31.67697970724986,35.45346519496338,82.08365310018438,83.52238738725059
4.150000000000091,30.841762826210346,34.47346335398329,82.07195846603703,83.48252678772234
4.158333333333303,29.90505038356656,33.66920461267949,81.94118289205775,83.40111835383358
4.166666666666515,29.1853438883334,32.743829813665705,81.92819231159935,83.41924289037647
4.174999999999727,28.48328090829346,31.906352773687676,81.95206261546946,83.31667362628829
4.183333333333394,27.511733958040562,31.065788373879215,81.94776855028225,83.31178889181575
4.191666666666606,26.652105769574217,30.242475537205163,81.93931623287395,83.3454350704747
4.199999999999818,25.90312623054767,29.295434219653657,81.96804429065195,83.36751190910324
4.20833333333303,25.180124088432212,28.58286385163126,82.00757465900142,83.32176109729431
4.216666666666697,24.274229575151875,27.73589126549757,82.04315309167582,83.31868624270132
4.224999999999909,23.46670567342098,26.892454078449354,82.09783356350233,83.39068898182919
4.233333333333121,22.7174317655067,25.964145626339395,81.96245396525394,83.4636320982009
4.241666666666333,21.926636008883456,25.181810062580144,82.03179158903262,83.48575834759382
4.25,21.233017387293575,24.3493992522783,82.0155391802297,83.48757702158358
4.258333333333212,20.217567979299194,23.363041897206465,81.97707090953526,83.60258000664174
4.266666666666424,19.425668109817934,22.53505349875451,81.96283029279375,83.64405193870859
4.275000000000091,18.72049293460173,21.68153170538387,81.92699485963084,83.70055525913108
4.283333333333303,18.01545655023294,20.976752630737156,81.93331147848696,83.72987948216308
4.291666666666515,17.23734272070066,20.059336404831615,81.83309699830814,83.85346121684717
4.299999999999727,16.551686214615074,19.286624719687463,81.87541873841964,83.86585817382434
4.308333333333394,15.54228464934764,18.539673493188907,81.90953011394771,83.9303398650652
4.316666666666606,14.920814986247791,17.79004306510511,81.93525109140131,84.02055080401095
4.324999999999818,14.11285302770345,17.095594550525277,81.92733353542201,84.04844878129593
4.33333333333303,13.340472597899407,16.369691097094496,81.96471634269616,84.15731548050398
4.341666666666697,12.467357965574303,15.485106679639129,81.93606402524439,84.28839800168372
4.349999999999909,11.786122536921058,14.825478329237985,81.93863371668543,84.3814967576402
4.358333333333121,11.014674024334184,14.08903156700892,81.86524981985617,84.53485977395299
4.366666666666333,10.069331805880063,13.306629762769841,81.774150092715,84.63884704771522
4.375,9.298433356632916,12.664598512218419,81.71934270295624,84.70191989759296
4.383333333333212,8.532900366097147,11.839495290588344,81.71560568280312,84.8060784930718
4.391666666666424,7.86853911821186,11.117323734355132,81.6831032096193,84.88889236624061
4.400000000000091,6.999781745882333,10.30375497855269,81.65151644945975,84.95406570832516
4.408333333333303,6.262834897944281,9.530515098754964,81.61315895014579,85.05801147123836
4.416666666666515,5.467456040807724,8.825189263581965,81.57712128307367,85.08651805966382
4.424999999999727,4.641850208029721,8.184472705158653,81.56155121729812,85.19787596896346
4.433333333333394,3.9591299321019267,7.536628060371068,81.57589580293123,85.4064902981001
4.441666666666606,3.3176242319084897,6.736239318528068,81.53532806151189,85.59646658962254
4.449999999999818,2.602868952682286,6.011213576614525,81.51105918131229,85.7361726171135
4.45833333333303,1.9994715866754353,5.185562708469768,81.56819653350891,85.87145905020155
4.466666666666697,1.6918600664422834,4.510572465877266,81.62320960326451,86.08479424865526
4.474999999999909,1.731423365570127,3.6105923323096127,81.60922093927839,86.24649157834443
4.483333333333121,2.0376811551145826,2.9700294073544606,81.59899508641843,86.34466248894913
4.491666666666333,2.6325445717297855,2.274221056038836,81.60699313747958,86.4805777619721
4.5,3.318669647566964,1.620683178996621,81.6667930984101,86.56937216742581
4.508333333333212,4.057817059359499,1.1428572320087855,81.66612135245329,86.65709542795044
4.516666666666424,4.841881653823736,1.0437674722020374,81.60187122212247,86.70229841683344
4.525000000000091,5.644752972575631,1.444492914469007,81.59510168814568,86.78982473521778
4.533333333333303,6.2736548072732825,2.03022319214586,81.60332228532346,86.93174366315485
4.541666666666515,7.098766222524055,2.5821622414968943,81.575830096513,86.909000925917
4.549999999999727,7.831850508249711,3.355502353714423,81.6293899792875,87.11567327679137
4.558333333333394,8.521791051885723,3.9232001018948197,81.66464247897136,87.17923461983217
4.566666666666606,9.167844312063089,4.539582299490632,81.69936492493161,87.30992012006338
4.574999999999818,9.751284568599216,5.136218520586912,81.73428074031538,87.31199053534984
4.58333333333303,10.337367923517329,5.53462199403189,81.70583147883193,87.42538062646105
4.591666666666697,10.88322918531671,6.169961256964329,81.76462302239244,87.47077669931603
4.599999999999909,11.374569754741978,6.718680625976177,81.78084433038977,87.57710421654578
4.608333333333121,11.685616309475158,7.191602314050726,81.80499878431978,87.60571003009593
4.616666666666333,11.898058596848548,7.68691969862966,81.80743163912747,87.5662009317885
4.625,12.120423385549627,8.081906636976136,81.825341884221,87.59484728427869
4.633333333333212,12.249085411370658,8.436369425994226,81.69481401863736,87.60894104175617
4.641666666666424,12.29549145291738,8.72776118093406,81.6577968947879,87.62239306523324
4.650000000000091,12.371629071844284,8.970289599118807,81.67086573354231,87.60437487216991
4.658333333333303,12.296967862293405,9.146479375480531,81.65366249979871,87.58846598256896
4.666666666666515,12.190352209495082,9.245830352076078,81.58479373392106,87.5930971878706
4.674999999999727,12.017335460494326,9.28521423185995,81.48503423611056,87.57188087017737
4.683333333333394,11.908808795662411,9.298139077392891,81.32410423147661,87.67814197291216
4.691666666666606,11.764082826970036,9.249800074039646,81.2912591690781,87.62669101876536
4.699999999999818,11.603173832668984,9.159304621828715,81.2364155028409,87.70022206924466
4.70833333333303,11.441656277442547,9.035635417421306,81.21424368124286,87.79615350534915
4.716666666666697,11.258569049076277,8.784046902952944,81.1750179968287,87.77572794891613
4.724999999999909,11.127453366134457,8.716579954021373,81.19275587774476,87.78476990734269
4.733333333333121,11.032985073122385,8.526054863088,81.24941327075133,87.82961510787622
4.741666666666333,10.95304791327563,8.36288286954014,81.29902547031008,87.87941295753356
4.75,10.803154889915328,8.072530645934,81.33256741070208,87.9078202731579
4.758333333333212,10.743438741070056,8.021035493196017,81.31628443170929,87.94431041895142
4.766666666666424,10.797894160943711,7.875069654406604,81.34204918838627,87.94145200666735
4.775000000000091,10.771082984455639,7.708301920728557,81.4144166915401,87.92273004413295
4.783333333333303,10.736785289996979,7.568296336552239,81.49008227078002,87.9152168951015
4.791666666666515,10.703311715893406,7.413841385434289,81.5148285067005,87.94707565829732
4.799999999999727,10.654180614611152,7.198148172631898,81.51397291018398,87.93978790451023
4.808333333333394,10.639627160779476,7.195794211326309,81.56487158130587,87.93481719262593
4.816666666666606,10.604300039075628,7.1380349293927265,81.5888833765274,87.90981749501364
4.824999999999818,10.59159057657849,7.109457824828083,81.6000658065019,87.90012766134629
4.83333333333303,10.565794143869752,7.088330467567257,81.60012466066856,87.87898567666475
4.841666666666697,10.575241795231491,7.001611823755908,81.57155283467692,87.90400687334987
4.849999999999909,10.566620734833469,7.150094639566259,81.55581734861053,87.92097834121019
4.858333333333121,10.558621281125374,7.193082251631293,81.51950848816716,87.92582550237432
4.866666666666333,10.425710451887225,7.253766720192657,81.47397226679492,87.9528843483677
4.875,10.431865663609031,7.214275200707226,81.4217958765746,87.98675162693574
4.883333333333212,10.456068546662896,7.278225536712652,81.38787219352766,88.00717054558483
4.891666666666424,10.5075074474693,7.3287702724531885,81.35648009971645,88.05428546317054
4.900000000000091,10.514659348336446,7.370624411559455,81.33142192576007,88.02867799413096
4.908333333333303,10.540307118986105,7.395984872748504,81.33423041325048,88.05927062357232
4.916666666666515,10.569304666707072,7.3933803673189695,81.32995794979844,88.09349407710114
4.924999999999727,10.58124664273937,7.360581857474477,81.33165899384964,88.12647749708735
4.933333333333394,10.703234408091749,7.453692267246145,81.35367592393227,88.14979330263455
4.941666666666606,10.717899816068616,7.424138274506994,81.36239845730007,88.14501699422694
4.949999999999818,10.525177622513246,7.381156976420335,81.36101985756419,88.13395285669154
4.95833333333303,10.63498048570102,7.324632489427596,81.38451931683412,88.1189147313679
4.966666666666697,10.597422244672556,7.269254387225158,81.39744156434848,88.09528517166738
4.974999999999909,10.533670732171817,7.21896657631501,81.44768128287724,88.07674704669388
4.983333333333121,10.32671488017641,7.160524525342225,81.47618753285654,88.0960592819154
4.991666666666333,10.257991472665706,7.098319811271462,81.52723502999552,88.07749155040023
5.0,10.312799977503706,7.030231750290762,81.55303362030925,88.00165826845894
5.008333333333212,10.23121277571801,6.846044225220517,81.5808329519263,87.99142385699923
5.016666666666424,10.141211661485967,6.750897611954437,81.61333389459983,87.98414784789806
5.025000000000091,10.064469049848993,6.794796600321063,81.63016646656867,87.97431019432946
5.033333333333303,10.01230752351299,6.7210867352882,81.66173383013486,87.9634954898099
5.041666666666515,9.939154851348588,6.514820675641398,81.6437286227614,87.93498775554067
5.049999999999727,9.736204941177956,6.609327790453314,81.62842703015907,87.9221073917996
5.058333333333394,9.802464901050644,6.518432314093299,81.60784916099999,87.92143096770339
5.066666666666606,9.561872842176474,6.447424392161799,81.59510916571256,87.90726236459358
5.074999999999818,9.46479624730031,6.365754939206935,81.57900130729041,87.9159291417585
5.08333333333303,9.505342246700462,6.317568697922617,81.5555075038199,87.92742255591234
5.091666666666697,9.392631221988447,6.187106030270181,81.54317911614503,87.93353956034231
5.099999999999909,9.298977521251018,6.023891890484601,81.53970250628623,87.94149748032414
5.108333333333121,9.212262899990685,6.112490372109497,81.51792955503507,87.95468645474183
5.116666666666333,9.143073776682,6.089429911248378,81.50101302959499,87.9498778314137
5.125,9.08199103893851,6.061621484009941,81.47191484114288,88.00577296764098
5.133333333333212,9.019804161980847,6.023182893298296,81.45415263772277,87.99866920640457
5.141666666666424,8.98124726191562,6.004788506164571,81.42907147755882,87.99459201583798
5.150000000000091,8.935328122073887,5.978557111827393,81.41637455774938,87.98263348465767
5.158333333333303,8.905493552538974,5.978088988886248,81.39258237686542,87.9572639981697
5.166666666666515,8.885141673738397,6.064553857124869,81.37151936585654,87.97578119491169
5.174999999999727,8.878941856100552,6.060673459646239,81.36183878547452,87.98269132676941
5.183333333333394,8.866020149262264,6.053495963737877,81.35671422733867,87.99634439346097
5.191666666666606,8.86869574487088,6.060827184701939,81.36042939558084,88.00823960813491
5.199999999999818,8.896011319302557,6.062382970799652,81.37728657281819,88.02176231613917
5.20833333333303,8.90283303073781,6.070269190724066,81.37523248683452,88.01760336513034
5.216666666666697,8.926506002211962,6.07811048253383,81.39712041718606,88.06126306466545
5.224999999999909,8.935234771864321,5.987090373971454,81.4396984645775,88.08095227079663
5.233333333333121,8.961983869643248,5.96837297187956,81.43971720201287,88.10013713292769
5.241666666666333,8.889241936920596,6.112684806116597,81.47829744006076,88.12434630736239
5.25,8.85699074021051,6.030541664787723,81.47645803800417,88.16264024723911
5.258333333333212,8.891376112476834,6.0512755229891715,81.49700361308756,88.18616748375587
5.266666666666424,8.924829878678093,6.085669690201935,81.49830282717018,88.22985745765959
5.275000000000091,8.963784001179883,6.003039368750018,81.5081642679166,88.26128215038804
5.283333333333303,8.995024933131148,6.048447041142213,81.52758000132378,88.26424232096552
5.291666666666515,9.045662603770635,6.197340088349536,81.52256764248578,88.25686586784713
5.299999999999727,9.089025060530973,6.231643130860731,81.52274833683168,88.24368599138414
5.308333333333394,9.12643456151528,6.267785769150624,81.527376649849,88.28195603296071
5.316666666666606,9.168700567930562,6.214305449380682,81.51650587969287,88.28100427525287
5.324999999999818,9.233489600856618,6.250266540043104,81.51599113515238,88.26196817476786
5.33333333333303,9.272270922108895,6.278603978480997,81.50451467139176,88.27152915464492
5.341666666666697,9.32659017286606,6.319474570385692,81.49542772688568,88.26045283604921
5.349999999999909,9.384492662796589,6.354423711524458,81.48762555672226,88.22964345468158
5.358333333333121,9.446045589517908,6.388968883888455,81.47865163616676,88.24668368099525
5.366666666666333,9.54962875185422,6.42846906527861,81.48041495712445,88.29085726054716
5.375,9.602325410850591,6.4734733662067265,81.47539419134517,88.26618608431609
5.383333333333212,9.644220878800128,6.522390700761185,81.4891863943768,88.26933651383989
