time,leg left,leg right,arm left,arm right,back,floor/left leg,floor/right leg,left leg/lower back,right leg/lower back,left arm/upper back,right arm/upper back,left leg/back,right leg/back,left arm/back,right arm/back
0.0,173.97822150807693,172.19903166617263,0,0,135.47676290279534,79.26031452167554,82.95812917920438,154.91513181304697,158.6508302187282,0,0,164.62607005618477,166.3719151518423,0,0
0.008333333333439441,173.96136074902319,172.17349618664474,0,0,135.52211935123958,79.25954475704236,82.96620940546188,154.90694069609384,158.63603511158863,0,0,164.59377962146772,166.3284716851949,0,0
0.01666666666665151,173.95392261669602,172.1678157412475,0,0,135.5576138871786,79.25503345027045,82.96294820598932,154.91469211291374,158.63864156175407,0,0,164.56528173023227,166.29476662950154,0,0
0.02500000000009095,173.93111788917105,172.150263041706,0,0,135.57155629192715,79.25654567858193,82.97224938251756,154.88362613051154,158.61067954142885,0,0,164.5352832516356,166.26059769274585,0,0
0.03333333333330302,173.89911444621296,172.1319614121013,0,0,135.57125553247553,79.25576017613389,82.972718067377,154.83916275800058,158.5792873803911,0,0,164.48837748242258,166.2201576372903,0,0
0.04166666666674246,173.86178412699422,172.11241425339162,0,0,135.54887351267695,79.26654211991335,82.97780556921569,154.78029265306685,158.52264878476046,0,0,164.45193997580242,166.18222497731725,0,0
0.049999999999954525,173.83381363150232,172.10314323516957,0,0,135.56670245714707,79.25845942691862,82.98607410783812,154.74375031431504,158.4975609742436,0,0,164.40570057370857,166.1525843216804,0,0
0.058333333333393966,173.80315699386324,172.09108281500033,0,0,135.57679960760962,79.2661433900385,82.98426826055592,154.73501471144027,158.46616639017185,0,0,164.39108025403544,166.1139259175945,0,0
0.06666666666660603,173.7616653216005,172.06758890806466,0,0,135.52478234580826,79.272585329956,82.99127110145241,154.66174578358357,158.42919161369002,0,0,164.34780629306277,166.0844467317749,0,0
0.07500000000004547,173.73001847901534,172.0613063730506,0,0,135.59026945526844,79.26458164585983,82.9842013818071,154.6701443318022,158.44659598812825,0,0,164.29049338117792,166.05063785007832,0,0
0.08333333333348492,173.66790881951158,172.04883801910646,0,0,135.4935825928396,79.27679978858245,82.99060456816903,154.48790597959194,158.3164351681783,0,0,164.21906076722368,166.01381329544046,0,0
0.09166666666669698,173.65188434715952,172.0360904008712,0,0,135.60918163185067,79.27061793049457,82.9916691306717,154.5720387738769,158.39688633641447,0,0,164.18804678470383,165.993262206935,0,0
0.10000000000013642,173.74173743346338,172.0369759240789,0,0,135.54354724093272,79.27086047990862,82.98971219109798,154.6465360141139,158.32575299849827,0,0,164.3241271415447,165.9724063113627,0,0
0.10833333333334849,173.7246589845111,172.02218432086426,0,0,135.53433618776987,79.26420183257862,82.99357774866957,154.62215268974074,158.3085493547451,0,0,164.30513820987588,165.9518116665957,0,0
0.11666666666678793,173.69943873341396,172.0272301986566,0,0,135.587443215431,79.26612721182423,82.98542195598385,154.62316175594768,158.31579128009534,0,0,164.2764296561949,165.93105450550053,0,0
0.125,173.6990094463966,172.02728842976248,0,0,135.55573950288831,79.25743193049853,82.98854025488995,154.58859730943257,158.29726959879173,0,0,164.26567329416412,165.9174835438214,0,0
0.13333333333343944,173.68230792506594,172.02704324381057,0,0,135.62359073295715,79.25495647296587,82.97395349471923,154.59324650641463,158.31386928922456,0,0,164.2522798345953,165.8993006666347,0,0
0.1416666666666515,173.66034026870528,172.03998688695265,0,0,135.64552622067123,79.25726928378828,82.96056943224195,154.59081888450802,158.3309640258463,0,0,164.2348937776253,165.88915193336612,0,0
0.15000000000009095,173.65356710934932,172.00706887801925,0,0,135.66402944558138,79.25240535788662,82.95068080988398,154.58706143492714,158.3574555790975,0,0,164.22226827411163,165.85801409526198,0,0
0.15833333333330302,173.6399186512498,172.02681678017967,0,0,135.69528485011122,79.24916733812532,82.93751524710655,154.6196273371424,158.3819368556442,0,0,164.20860211789216,165.84313823969885,0,0
0.16666666666674246,173.6142465583739,172.04034060693422,0,0,135.72576707647553,79.24006038702635,82.93748814284193,154.61906094659622,158.3906852783262,0,0,164.19720089121222,165.83753934739897,0,0
0.17499999999995453,173.6158408406915,172.046178960678,0,0,135.7475308989662,79.23226469075787,82.92300760869689,154.63114351797833,158.38956544893986,0,0,164.19298818233648,165.81828624608383,0,0
0.18333333333339397,173.61741898221808,172.05118280628747,0,0,135.77425527253132,79.22689812876048,82.91951398029869,154.63543946479183,158.38121861906464,0,0,164.1931809602334,165.80249386782023,0,0
0.19166666666660603,173.62324893317833,172.06189008954834,0,0,135.751503877033,79.22274501098359,82.90666187225567,154.61423624625778,158.35076913805446,0,0,164.1975320253299,165.78762126158333,0,0
0.20000000000004547,173.63823246640138,172.05840807926177,0,0,135.78585034727752,79.21084432365427,82.90572288566123,154.65850584145602,158.3701394559127,0,0,164.20515561835978,165.77113082859967,0,0
0.20833333333348492,173.66614970457323,172.05773859388393,0,0,135.74944065107368,79.20405765162639,82.91232960348758,154.63128199877534,158.32804901989886,0,0,164.2289112324658,165.76335633442892,0,0
0.21666666666669698,173.67026268840425,172.0683312145745,0,0,135.73328797686543,79.17871783450481,82.9014246687807,154.607619374504,158.28991917666573,0,0,164.21526184594916,165.74544881085512,0,0
0.22500000000013642,173.6950549008902,172.04776307641814,0,0,135.73784513034468,79.17490414976099,82.91684879406738,154.60704681871866,158.27265715837152,0,0,164.23414142171842,165.72881543235363,0,0
0.2333333333333485,173.70259202876008,172.0549613754847,0,0,135.78454826381633,79.15793200742635,82.91268015295076,154.64044160256088,158.28682693638393,0,0,164.22916624587643,165.7169461716984,0,0
0.24166666666678793,173.72189931661975,172.04914948596337,0,0,135.78309877845666,79.15313266772917,82.91562000007248,154.6481616588924,158.28234578499772,0,0,164.2441811872231,165.70186784045532,0,0
0.25,173.7362839426832,172.03303052219667,0,0,135.79847449048455,79.13926771838541,82.92498556369932,154.6631378066006,158.27691316880095,0,0,164.2493868941492,165.68573812985017,0,0
0.25833333333343944,173.7455667648669,172.02851884766477,0,0,135.78402549658674,79.12923158431597,82.92728245264847,154.66549595032686,158.26396473940773,0,0,164.25371231310936,165.66474473605234,0,0
0.2666666666666515,173.77198603274482,172.03073947002713,0,0,135.83781227048792,79.10766345905662,82.92267968028408,154.7128995545974,158.30880110243086,0,0,164.26102966863223,165.6511936585386,0,0
0.27500000000009095,173.78621028862435,172.01701173445494,0,0,135.83532351060464,79.09342959269864,82.92963392711764,154.70540612085358,158.29192380181695,0,0,164.26216151989118,165.63344347446105,0,0
0.283333333333303,173.8045661235502,172.03270768359567,0,0,135.89391543542075,79.07235250087513,82.917626900514,154.75255924709202,158.32839716511236,0,0,164.2584885362158,165.6227283711086,0,0
0.29166666666674246,173.81935356681313,172.0221641882892,0,0,135.96836176277873,79.0589995258033,82.9235161014814,154.8183995461769,158.35843868964818,0,0,164.2634770084761,165.60565583573583,0,0
0.2999999999999545,173.85106329095535,172.03589490147996,0,0,135.99479124265181,79.03978319070491,82.9073188851853,154.85651843479263,158.380118338248,0,0,164.27004524934284,165.59618670313952,0,0
0.30833333333339397,173.85308602897206,172.02721499725237,0,0,135.90156326748613,79.03514946007768,82.89857686925372,154.76029699124462,158.29883698100164,0,0,164.26864723078927,165.57697986549448,0,0
0.31666666666660603,173.88332359302862,172.0370376910991,0,0,135.95317051331438,79.00352395700524,82.89914131167332,154.80790467209553,158.3408384341975,0,0,164.26712385715047,165.5784473196447,0,0
0.3250000000000455,173.89259834469425,172.0296978983844,0,0,135.95381278100842,78.99759577163813,82.89368449389308,154.81477445217274,158.33883694655916,0,0,164.27051184011162,165.56176703601292,0,0
0.3333333333334849,173.88974992681844,172.0322838685101,0,0,135.94259638724213,78.98804297377805,82.89002158637092,154.77823071037497,158.31709703367008,0,0,164.2554796247135,165.5533540868256,0,0
0.341666666666697,173.90710438686872,172.03527747018464,0,0,135.929286618241,78.97853594190114,82.8801166066764,154.78565946822928,158.30439020501802,0,0,164.25996183976804,165.5423344925821,0,0
0.3500000000001364,173.9162904832603,172.03889596780982,0,0,135.94462544430138,78.96562788588155,82.87539138861041,154.79307972038941,158.31080699355525,0,0,164.25572481392294,165.53487782593714,0,0
0.3583333333333485,173.91530788284055,172.03454503045245,0,0,135.9413232550565,78.96299255760322,82.88205535065221,154.77884310993286,158.2962727748614,0,0,164.25454814110586,165.52991288751716,0,0
0.36666666666678793,173.9241962965266,172.0389990322737,0,0,135.93247002127328,78.95478608218316,82.86867536071512,154.7577269492688,158.2702234033955,0,0,164.24771073765277,165.5160182279618,0,0
0.375,173.93271537169383,172.04040685729984,0,0,135.92382124146496,78.9462400410281,82.86740007487064,154.73788268545198,158.23982063851693,0,0,164.24675003686784,165.50532972918666,0,0
0.38333333333343944,173.92571249749022,172.05372008266733,0,0,135.94198186275923,78.94736334024545,82.85842228240598,154.7465909957403,158.24881807554547,0,0,164.2388602066232,165.49994039794737,0,0
0.3916666666666515,173.93219570734828,172.06403317206014,0,0,135.92400704279171,78.93579882139429,82.84550170121673,154.71809981507707,158.23605177377277,0,0,164.22853332420783,165.49101589217935,0,0
0.40000000000009095,173.9263385572598,172.06928573301383,0,0,135.93576858335675,78.93519843999381,82.84100356936847,154.69831007104736,158.19952782255763,0,0,164.2145799428865,165.48016306228956,0,0
0.408333333333303,173.9332645712025,172.0744292870953,0,0,135.9418258927831,78.92578211773528,82.82820070727847,154.69746456978905,158.20374029602456,0,0,164.20255554306235,165.46300022579274,0,0
0.41666666666674246,173.923887782224,172.08238477297698,0,0,135.90845771197888,78.92470639611587,82.81988233179858,154.64320329746963,158.1505199927319,0,0,164.1873195864344,165.4537156125322,0,0
0.4249999999999545,173.93493214715073,172.08158886495409,0,0,135.8912348656108,78.91627615849633,82.81550219085429,154.61774319774312,158.1190165142503,0,0,164.17999413680627,165.43811927122943,0,0
0.43333333333339397,173.93623305007858,172.10216372385952,0,0,135.84660096998945,78.91077450309905,82.79377408149585,154.57251822160612,158.08372191209884,0,0,164.16318954292905,165.4235253447083,0,0
0.44166666666660603,173.94463737567085,172.10363464795577,0,0,135.84769869165777,78.90118212054662,82.78862550950961,154.53738251433592,158.034477751795,0,0,164.15238265154449,165.40854022854032,0,0
0.4500000000000455,173.94576346670914,172.11468427349598,0,0,135.820556427333,78.89523166141751,82.77466138259905,154.49903428336262,157.99977459958848,0,0,164.14038050824348,165.40157083584003,0,0
0.4583333333334849,173.9525243242925,172.11443777614778,0,0,135.79676671274308,78.88795628105947,82.77494844518183,154.46662187409825,157.96738358927672,0,0,164.12610916392168,165.3829195290442,0,0
0.466666666666697,173.94795272894612,172.13157858687282,0,0,135.74792500853178,78.88408126736239,82.75609193603711,154.39503692336058,157.90717543373017,0,0,164.1117782393013,165.3764650423507,0,0
0.4750000000001364,173.95243394095016,172.1371037537416,0,0,135.770025173851,78.87795468744623,82.75343530639806,154.41195194217173,157.9174798615252,0,0,164.1005166781537,165.3711544505203,0,0
0.4833333333333485,173.93727770104405,172.14249889065053,0,0,135.76719959245966,78.87856831693747,82.741824908036,154.38835854696674,157.9054609858257,0,0,164.0874149307677,165.368965774314,0,0
0.49166666666678793,173.9642708120822,172.13563076533416,0,0,135.73331710606794,78.87733547150103,82.74509484126492,154.3722114201503,157.87636826857707,0,0,164.0749801610773,165.3569160463144,0,0
0.5,173.96603540741933,172.13238310990414,0,0,135.71732988317456,78.87082258928872,82.73968091280251,154.33413065624268,157.84742423212447,0,0,164.06440672403923,165.33948660081026,0,0
0.5083333333334394,173.9523434719738,172.1302987989209,0,0,135.71046388204437,78.8756490539963,82.74036156456772,154.3178286910455,157.84431635377283,0,0,164.0535533407853,165.33828096143986,0,0
0.5166666666666515,173.95811622296603,172.12231037952728,0,0,135.68924797154148,78.86544855172649,82.73574174030985,154.29574837644896,157.82871058183756,0,0,164.04293458205808,165.3341409539917,0,0
0.525000000000091,173.95374877748108,172.1281276413079,0,0,135.65537642422757,78.863750725577,82.72465836109454,154.26196778180173,157.8019205298134,0,0,164.0342817972215,165.32995286903156,0,0
0.533333333333303,173.96131562375177,172.13650243886283,0,0,135.62841671106293,78.85349168801662,82.71407155247263,154.2361367349887,157.78979578014983,0,0,164.0289887094835,165.32935907127913,0,0
0.5416666666667425,173.98554422283166,172.1371864505762,0,0,135.59714430578865,78.83424785687278,82.70408458617761,154.19728027607184,157.75988372301683,0,0,164.02328227761248,165.3218566847532,0,0
0.5499999999999545,173.99463006870738,172.1375859554053,0,0,135.6245743880099,78.82409736866475,82.6944834867579,154.21894936096035,157.77846875918698,0,0,164.02184827040912,165.31994520787376,0,0
0.558333333333394,174.00114842761235,172.14241443226038,0,0,135.54550303623708,78.81891994126255,82.69539826795263,154.17914511107548,157.74902824229412,0,0,164.02124722219094,165.32591466319877,0,0
0.566666666666606,174.0102546875256,172.15160014229528,0,0,135.56815420524168,78.81047291169904,82.67142858829823,154.1821487436295,157.76344227591733,0,0,164.01782047642865,165.32446726721358,0,0
0.5750000000000455,174.02084132969316,172.15466085005642,0,0,135.56956001899707,78.8005277560904,82.66199640686989,154.18247572909985,157.75917129310233,0,0,164.01699424296254,165.32203196785073,0,0
0.5833333333334849,174.02564512174604,172.1581867813412,0,0,135.56978568270094,78.79298664400952,82.65286161185763,154.19449177421464,157.7832379810761,0,0,164.01351704602843,165.32590956317836,0,0
0.591666666666697,174.01935598028342,172.2090294170844,0,0,135.58683714592232,78.79432811506348,82.6386719160956,154.21226900667494,157.7896784539412,0,0,164.01167969980511,165.35147431367517,0,0
0.6000000000001364,174.0225865502332,172.21413001751986,0,0,135.61565017315968,78.79226859744948,82.62730952996833,154.2177888679419,157.78747222201034,0,0,164.0102559842163,165.34727791219223,0,0
0.6083333333333485,174.02289583435004,172.22208094652788,0,0,135.62529238568254,78.79015026193287,82.62042164559348,154.24162794688527,157.81382064072724,0,0,164.01045754173686,165.35039098378093,0,0
0.6166666666667879,174.03182533056466,172.2192065975771,0,0,135.60495488395568,78.78886880265863,82.61285833943357,154.23307522627914,157.8013450084776,0,0,164.01875995440153,165.34622690748614,0,0
0.625,174.01931712591949,172.21995743495776,0,0,135.62091102119217,78.79163596265705,82.6164855824364,154.2212085130899,157.80039564942254,0,0,164.01221569357205,165.34920509550443,0,0
0.6333333333334394,174.00660367021376,172.23392514750654,0,0,135.62694717179568,78.79549464348545,82.59682477342847,154.23244284908836,157.8088981150804,0,0,164.00414015994053,165.34625001845848,0,0
0.6416666666666515,174.00930500359675,172.22823278233597,0,0,135.5893087541126,78.795377049036,82.60126460055308,154.20137328591406,157.77775570405356,0,0,164.00519138077647,165.341950071091,0,0
0.650000000000091,174.00369568893407,172.22830770022316,0,0,135.60014866203213,78.79907920725262,82.60045434367306,154.20588831648433,157.7641144628612,0,0,164.0052298419592,165.33670286600642,0,0
0.658333333333303,173.98941887689185,172.23131264756063,0,0,135.639582425507,78.80796517768627,82.58617796682712,154.24476992697288,157.80954426965076,0,0,163.9966442719278,165.32759806830938,0,0
0.6666666666667425,173.99207435927937,172.22583670244012,0,0,135.61863362281633,78.80220807450539,82.58590006570499,154.21756462941676,157.78923079737893,0,0,163.9903851551454,165.32637636851655,0,0
0.6749999999999545,173.99071678923815,172.2298084010727,0,0,135.65775775433357,78.80274777264493,82.5745139155535,154.25407869781787,157.8206998593904,0,0,163.98364826747758,165.31351955366316,0,0
0.683333333333394,173.9850080771711,172.23997081634872,0,0,135.69959074697164,78.80831740144865,82.56532131516035,154.3117707683266,157.87432678171595,0,0,163.98030119773816,165.31734050189792,0,0
0.691666666666606,173.98685552123288,172.2416431720027,0,0,135.7464223434731,78.80314394212904,82.55693775532032,154.3492711697746,157.92374647012537,0,0,163.97281833353716,165.31049680151935,0,0
0.7000000000000455,173.99127482015186,172.2420585467452,0,0,135.72996586282432,78.80375242802782,82.54653513548645,154.33500389453366,157.90384431524043,0,0,163.97073923623475,165.3051315234209,0,0
0.7083333333334849,173.98451760138502,172.2398190054498,0,0,135.74889271037603,78.80836925308864,82.5401244405822,154.34020705733315,157.90514949775408,0,0,163.96431937037653,165.29565241295577,0,0
0.716666666666697,173.983580413022,172.2438917906054,0,0,135.79080256567022,78.80848220241859,82.52913815477623,154.38667639095053,157.9343944477222,0,0,163.96127645898898,165.28936615188488,0,0
0.7250000000001364,173.97199795247246,172.23007412318842,0,0,135.75425329211905,78.816760108957,82.52161187886897,154.36531251476703,157.9081669831623,0,0,163.9552968029154,165.27768115860025,0,0
0.7333333333333485,173.96587838992892,172.2271044076214,0,0,135.71281696856929,78.81435653375935,82.53063092869708,154.33913154777457,157.88031419939898,0,0,163.94735866438617,165.27465650865636,0,0
0.7416666666667879,173.96339037807982,172.22052034027988,0,0,135.71871925078034,78.81873230116749,82.51836082976924,154.34884699811798,157.88157920728506,0,0,163.93895040325881,165.26966797578427,0,0
0.75,173.955057273593,172.21429088695663,0,0,135.710686394569,78.81996617314698,82.52710649912638,154.32289311633374,157.85098640324355,0,0,163.93320891508924,165.26907248914964,0,0
0.7583333333334394,173.9442904152829,172.21011651369258,0,0,135.67549372777952,78.8235198779165,82.50877295339801,154.2949925881641,157.8154874702448,0,0,163.91903508445344,165.25718979950855,0,0
0.7666666666666515,173.9324483998742,172.20839337828266,0,0,135.67379970700185,78.82635500468768,82.51841957038748,154.28547760795533,157.82000201620218,0,0,163.91180671957054,165.26534692407975,0,0
0.775000000000091,173.93125028733567,172.2067061040689,0,0,135.6747320863965,78.8266095128985,82.5078694350135,154.2826990460183,157.81271923905146,0,0,163.90820824376473,165.26473487641553,0,0
0.783333333333303,173.93196973092134,172.20108903644382,0,0,135.65714667692745,78.82495969396709,82.50590806582512,154.26151462137076,157.7839494324977,0,0,163.91019881000625,165.26755211424907,0,0
0.7916666666667425,173.93211395480483,172.2000398291733,0,0,135.63155954008312,78.81976804530554,82.50052736564372,154.25001607956042,157.76197237758174,0,0,163.90409850101983,165.26641838260161,0,0
0.7999999999999545,173.9428059757366,172.20334813190036,0,0,135.61464043541878,78.81304860021172,82.49290461942155,154.23799575328104,157.7445679634276,0,0,163.91029502345668,165.27744270928156,0,0
0.808333333333394,173.93880386254747,172.20512043791467,0,0,135.61654368106616,78.81262539786593,82.48696430785274,154.2485722712516,157.75434914904096,0,0,163.90884770683098,165.28173026809188,0,0
0.816666666666606,173.93889169949693,172.21175619324197,0,0,135.56901912539342,78.81042072966557,82.47568605481472,154.26655727933104,157.77369102164198,0,0,163.91935445066247,165.30176228916704,0,0
0.8250000000000455,173.94886638043857,172.21527486376505,0,0,135.6022574620329,78.80028134746789,82.46559060142404,154.26818973212153,157.7580752207723,0,0,163.9138438355444,165.30202215953008,0,0
0.8333333333334849,173.9496242580352,172.21955669220839,0,0,135.56860999150697,78.7942617380382,82.45596509125812,154.21977285076963,157.74628811220137,0,0,163.91099422163333,165.31816157020464,0,0
0.841666666666697,173.96666545058028,172.23679346014876,0,0,135.5506113088469,78.78484650700447,82.43187168560921,154.21643218819864,157.72500391731504,0,0,163.92550567752923,165.33238452012603,0,0
0.8500000000001364,173.96472386160798,172.2264498465628,0,0,135.5706135404469,78.78180353871741,82.43958838451128,154.25197887019343,157.75775764964092,0,0,163.92346683141298,165.33912328522652,0,0
0.8583333333333485,173.96824720903442,172.2378144788073,0,0,135.52508388434035,78.77602104847416,82.42315126015623,154.2129074547716,157.73761487262314,0,0,163.92334252851725,165.35744331227673,0,0
0.8666666666667879,173.96581154325204,172.2480612551399,0,0,135.50862204665214,78.77428284190091,82.41281269024184,154.19914346975318,157.73210348375468,0,0,163.92000321319446,165.3695111281008,0,0
0.875,173.97118933377428,172.2468757388598,0,0,135.45185548487115,78.7647412543135,82.40286830098482,154.16193707516135,157.71432956280077,0,0,163.92208416335515,165.3851486964074,0,0
0.8833333333334394,173.96019145375948,172.2431554097841,0,0,135.45573991691782,78.76474268143122,82.39874520125198,154.13765194357526,157.69142118088277,0,0,163.91206456220448,165.3881000672114,0,0
0.8916666666666515,173.95863667241773,172.24585725122998,0,0,135.40765845806618,78.75942469757636,82.39697693011736,154.11275675110335,157.67585748654665,0,0,163.9113871330192,165.40417824417568,0,0
0.900000000000091,173.9484053323101,172.2468889833558,0,0,135.4327526747753,78.76340672570907,82.39013904950703,154.11954400441314,157.6833804867282,0,0,163.90576396167788,165.40702144352818,0,0
0.908333333333303,173.93806026122854,172.23808521880355,0,0,135.47614410658065,78.76421096335152,82.38322811256549,154.12108551492878,157.67607158726938,0,0,163.89828220868478,165.40259561988066,0,0
0.9166666666667425,173.9371649000976,172.24164116254826,0,0,135.4284427714029,78.75966513764952,82.38000743120399,154.0933124961798,157.65215880895707,0,0,163.89871852201415,165.40624286791757,0,0
0.9249999999999545,173.92509894239072,172.2429150849548,0,0,135.46010990699304,78.76165146219195,82.36691538369854,154.12575401254608,157.68231112917,0,0,163.89506755937322,165.40611720045527,0,0
0.933333333333394,173.91329618905556,172.23340447273395,0,0,135.41175499621903,78.76544100322808,82.36922670099801,154.04471330521054,157.5993594773638,0,0,163.88827549363458,165.40519931185196,0,0
0.941666666666606,173.90645984383744,172.23792415692694,0,0,135.41118239909358,78.76687936407238,82.35600499704556,154.03638391511916,157.60248694026492,0,0,163.88302069980716,165.40456468646408,0,0
0.9500000000000455,173.90673854181892,172.23763895610088,0,0,135.41501864388135,78.76300735189137,82.34891419096205,154.05147005382761,157.60316051466052,0,0,163.88725154641705,165.40429357320818,0,0
0.9583333333334849,173.90829283731833,172.24502132008362,0,0,135.35833220975584,78.76024391197967,82.32285387206772,154.010165119839,157.57093115637903,0,0,163.89317647732767,165.40941753786936,0,0
0.966666666666697,173.90042630044968,172.24704377437328,0,0,135.35313776138526,78.75939657430943,82.30425374762656,154.02841151717615,157.60143539074238,0,0,163.90078741098606,165.41581919691907,0,0
0.9750000000001364,173.90405299310953,172.25188500373864,0,0,135.32224752729414,78.75823616172018,82.29540372271214,154.03916585547955,157.61468252647313,0,0,163.92664620598188,165.43748272846193,0,0
0.9833333333333485,173.90102253147455,172.26002434739013,0,0,135.3074690809143,78.75942170774371,82.26751362689299,154.066470883282,157.64932008234877,0,0,163.95653454772003,165.4563284188414,0,0
0.9916666666667879,173.89530112832477,172.2611550032214,0,0,135.30186018000614,78.75869492044279,82.26285261612017,154.09971034335678,157.688873818854,0,0,163.98874316638006,165.48631903788734,0,0
1.0,173.8987948098565,172.25725371149312,0,0,135.30294555101804,78.75256472133734,82.25270987775106,154.13972826001128,157.72270148141982,0,0,164.03161409778124,165.51781289333795,0,0
1.0083333333334394,173.90129829496587,172.26635564469072,0,0,135.34672596857231,78.7472097227626,82.241542876755,154.20150357363934,157.7832267009132,0,0,164.0904806680937,165.56813739564112,0,0
1.0166666666666515,173.92038669383948,172.27401435672286,0,0,135.3433757849666,78.73575982697571,82.22908035341275,154.24945505967037,157.84491267658743,0,0,164.16832568362156,165.63141452914172,0,0
1.025000000000091,173.94563974501474,172.2961825821666,0,0,135.40840864712723,78.72216168441241,82.19791764521007,154.39381216061446,157.96456393965693,0,0,164.26826600248526,165.70618559474298,0,0
1.033333333333303,174.0011151376892,172.31497290203242,0,0,135.4303456365849,78.70403840859022,82.18746362705112,154.5803829112489,158.13695254542083,0,0,164.42221969459644,165.8090908297934,0,0
1.0416666666667425,174.04699652292416,172.3416484182645,0,0,135.32660813870007,78.69566013249168,82.1618920424073,154.67698624215672,158.20266560934655,0,0,164.58670652229202,165.917428908802,0,0
1.0499999999999545,174.12021842710053,172.3394274356654,0,0,135.34502665060424,78.68244646745283,82.14032998776862,154.93707453587314,158.44093751491783,0,0,164.79252655532218,166.0327476660777,0,0
1.058333333333394,174.2095211546955,172.37548999965057,0,0,135.37010669623416,78.65755074750865,82.12278093042143,155.1167889887223,158.5786070833586,0,0,165.02651517428822,166.18572756607662,0,0
1.066666666666606,174.31880628416678,172.41332244026896,0,0,135.43567245799755,78.63681485621841,82.11080779913807,155.4424001009413,158.83239943497574,0,0,165.3133111589899,166.36401727132903,0,0
1.0750000000000455,174.40134715097116,172.48349419800218,0,0,135.38704036458762,78.62212465801991,82.0685533288598,155.67378301123648,159.04464572700743,0,0,165.59985183583206,166.57926188814253,0,0
1.083333333333485,174.50239500634663,172.5493216907181,0,0,135.51853507517384,78.59976661473283,82.06899761127957,155.9948302989652,159.31392249187425,0,0,165.9118146625118,166.81011027451314,0,0
1.091666666666697,174.61433341813526,172.61325455851235,0,0,135.45485632310297,78.56683848661972,82.05880901093245,156.2703992722841,159.56880702732573,0,0,166.24860146530568,167.07058247884865,0,0
1.1000000000001364,174.73274093710546,172.67390041303423,0,0,135.4939375792932,78.54782906377056,82.04755007293072,156.64606348526416,159.92077415402983,0,0,166.64323138799043,167.34698201917627,0,0
1.1083333333333485,174.85172500835208,172.73051370681029,0,0,135.52626641445585,78.53778868038046,82.05060234169846,157.13670233998423,160.41462182739255,0,0,167.07288984671163,167.6593665074046,0,0
1.116666666666788,174.97411782241542,172.79807385980175,0,0,135.6074096372793,78.52354323052792,82.04148496226163,157.51888944354985,160.8098388315524,0,0,167.4892674661022,167.96698097459154,0,0
1.125,175.10877018610924,172.88141982783603,0,0,135.8254930151107,78.50816873807312,82.04590213751854,158.11969983916472,161.34600798734172,0,0,167.964656117211,168.30110360370384,0,0
1.1333333333334394,175.30602568776777,172.96482144436368,0,0,136.0216113072453,78.45566032773155,82.04444036390835,158.6890992293283,161.8454540774177,0,0,168.4828800698573,168.63543400757627,0,0
1.1416666666666515,175.47511165420354,173.05010565698143,0,0,136.15754281165604,78.43741429284732,82.0531830494359,159.38181463085144,162.385560973755,0,0,169.05284998633687,168.96529611987043,0,0
1.150000000000091,175.67470510297494,173.12882357582822,0,0,136.3046150738099,78.41095449993222,82.06367954479059,160.07822765452175,162.95695249250844,0,0,169.65969746711704,169.30848733473607,0,0
1.158333333333303,175.9111525971528,173.21211454633558,0,0,136.3904855048668,78.36892978410384,82.10025327691761,160.71622245322922,163.5103810157671,0,0,170.30843312046795,169.6688756269039,0,0
1.1666666666667425,176.23353123519198,173.3065269857317,0,0,136.4035772623325,78.29422393486384,82.13265336281763,161.40202538514555,164.00256173394098,0,0,171.03592353484225,170.006123897618,0,0
1.1749999999999545,176.5978550917329,173.40201161077752,0,0,136.54177190811103,78.20340546214726,82.15668074042617,162.23005261195186,164.59555465011633,0,0,171.83030332522515,170.33934377407195,0,0
1.183333333333394,176.97849999815207,173.47714427853919,0,0,136.76328545708478,78.10265159655674,82.21125959286032,163.25184976373737,165.35560154033683,0,0,172.67117212205312,170.61430564253112,0,0
1.191666666666606,177.38886361085963,173.56618815851633,0,0,136.28044038559807,78.00316119194423,82.23259582924788,163.63072407948872,165.60116228607592,0,0,173.58073220597572,170.85469728435797,0,0
1.2000000000000455,177.7805594393286,173.66236460040733,0,0,136.6166134249281,77.9207699756831,82.28014215837172,164.83894000379777,166.4225400284286,0,0,174.5395118611851,171.0478937502214,0,0
1.208333333333485,178.12965023377217,173.8054642771268,0,0,136.60380726144163,77.82707664538044,82.27793329185914,165.83229095061841,167.18677735361828,0,0,175.4867598896787,171.17201672113606,0,0
1.216666666666697,178.41844138308144,173.97832321331097,0,0,136.99790682926118,77.71154642881845,82.2731184005409,167.1054636548154,168.2296371343819,0,0,176.429806695972,171.22685440865877,0,0
1.2250000000001364,178.6013302288391,174.14890476624046,0,0,137.41252809059696,77.60753151252254,82.23904510590229,168.48235262465624,169.18662096845566,0,0,177.27056340740526,171.12675511455907,0,0
1.2333333333333485,178.56999847326819,174.32367510063725,0,0,137.6436089915245,77.50787384712834,82.1918999378737,169.78298826693313,170.198410991143,0,0,177.7979171970794,170.92959628777854,0,0
1.241666666666788,178.29830897241973,174.50390719382955,0,0,137.89120417216273,77.44246315151673,82.1107583109226,171.06873456027353,171.0852924207572,0,0,177.69057141859975,170.537151140516,0,0
1.25,177.9313171361541,174.60489318110982,0,0,138.27793739809903,77.3716591439304,82.03964966690647,172.5060021688491,172.01569222957878,0,0,176.90751044267017,169.94591095297673,0,0
1.2583333333334394,177.51517581832104,174.6738964422764,0,0,138.50649645158674,77.31117696781486,81.94470788330996,173.8200670056535,172.57037397776546,0,0,175.82414690100333,169.1442196556705,0,0
1.2666666666666515,177.05949481167104,174.63714031507806,0,0,139.04967341834904,77.26675400393964,81.77951442522425,175.1471389300953,172.83613786563575,0,0,174.5500478056727,168.14726608110902,0,0
1.275000000000091,176.5558627210341,174.50764080168113,0,0,139.47422291540295,77.19825478407351,81.55658869705712,176.20420043936377,172.60908224350436,0,0,173.17071203454583,167.0043757961573,0,0
1.283333333333303,176.06686622370844,174.1885579488387,0,0,139.9946940807043,77.16075279848836,81.51035308966247,176.40030566314573,171.92956033975588,0,0,171.69897719303347,165.64626091761127,0,0
1.2916666666667425,175.554526285606,173.71752313617048,0,0,139.93162228382678,77.14145939155289,81.16280696109473,175.97196041067366,171.06676452172522,0,0,170.14051040541793,164.1766731494339,0,0
1.2999999999999545,175.0585237811462,173.29557892014842,0,0,140.29637252096623,77.12681563266418,81.01417385455474,174.96817892569982,169.82045803486687,0,0,168.56668704647345,162.6783909044777,0,0
1.308333333333394,174.5882230064672,172.74332485186304,0,0,140.50293722125363,77.13205403370995,80.8433020136335,173.6753655988869,168.4085583709945,0,0,166.94012553363075,161.03165331127187,0,0
1.316666666666606,174.1002440997196,172.1883022251736,0,0,140.51707394041946,77.14825593640293,80.64607256340842,172.3763714244641,167.20451808393386,0,0,165.27987251185237,159.42337039278416,0,0
1.3250000000000455,173.6182858516475,171.62095609090983,0,0,140.47705072451578,77.16878962015473,80.4985833230648,171.03226032169954,165.86700918461764,0,0,163.61694284900537,157.78970590866854,0,0
1.333333333333485,173.1778240780699,170.97400738387492,0,0,140.42448099154157,77.20660688883402,80.34962641239679,169.65238433745296,164.5084672093882,0,0,161.9503216615232,156.07597540569307,0,0
1.341666666666697,172.74581184296136,170.299032310725,0,0,140.42407357084517,77.25771307116297,80.22251327057919,168.24100374383684,163.0445571934309,0,0,160.2946723970112,154.35129524693522,0,0
1.3500000000001364,172.33783191476297,169.6097077119469,0,0,140.65524252281065,77.32852695642156,80.10312379049714,166.55805189644707,161.32567744287527,0,0,158.60481966712038,152.57956730561978,0,0
1.3583333333333485,171.9428838530969,169.11129023883439,0,0,140.72170506368502,77.42405181210731,80.1839892132053,165.080373219333,159.84755273661145,0,0,156.90684444248404,150.84845779051975,0,0
1.366666666666788,171.51578419636152,168.50457230367178,0,0,140.88492469234487,77.48879181519827,80.07562711649369,163.32116340496182,158.04445945371793,0,0,155.1671163791335,149.0950831859425,0,0
1.375,171.09891319423141,168.08390235710223,0,0,141.17562051005152,77.55236423453935,80.14086879429931,161.7233668482415,156.4165009684164,0,0,153.47293049999428,147.41801162018206,0,0
1.3833333333334394,170.69803027714693,167.6049862524524,0,0,141.2884993412436,77.61987933775332,80.12438885248159,160.1690759945283,154.83203622106151,0,0,151.73085893657412,145.68296997223808,0,0
1.3916666666666515,170.29806949719213,167.12952223188023,0,0,141.05431335853598,77.69556871876169,80.13502667123203,158.79712889060897,153.41048443973733,0,0,149.98750752017224,143.92090987680385,0,0
1.400000000000091,169.93519674738852,166.72401269722582,0,0,140.95578666266394,77.78761090980804,80.18337526214675,157.32144796844028,151.9168254387023,0,0,148.24386423714267,142.1965909661892,0,0
1.408333333333303,169.54968968221803,166.32920868871065,0,0,140.86884776720095,77.86508274261328,80.236680384645,155.81943135240112,150.39025371287929,0,0,146.49064102250404,140.46534502364426,0,0
1.4166666666667425,169.16916011721375,165.94781916444188,0,0,141.07592969235316,77.94479694445947,80.28369920384628,154.1389254131613,148.73170726154115,0,0,144.7173563057347,138.73589880930007,0,0
1.4249999999999545,168.72404634026128,165.5981736573232,0,0,141.0776472158043,78.01635951171029,80.3393357818996,152.45887846139962,147.1443899489438,0,0,142.8615655377927,137.00182143539598,0,0
1.433333333333394,168.3372718283968,165.35623606094643,0,0,140.86084612670578,78.07800489296007,80.49777050248208,151.00333316872056,145.69716136629816,0,0,141.09247270495572,135.28535955752602,0,0
1.441666666666606,167.92307968827137,165.05452962329684,0,0,140.87995811264435,78.15119089348924,80.58529232026774,149.41965954592052,144.1755746424584,0,0,139.27973728132997,133.56734334609752,0,0
1.4500000000000455,167.49724609890487,164.7051473058306,0,0,140.9719674272601,78.2055221914852,80.60551583375188,147.71063588841545,142.5439410187366,0,0,137.41467592998666,131.8049017621493,0,0
1.458333333333485,167.02417764301097,164.397018631634,0,0,140.83925958040524,78.25301121208042,80.66188484877719,145.862053607727,140.83074448389198,0,0,135.4936815537158,130.03491371339186,0,0
1.466666666666697,166.55958468700044,164.11204551626025,0,0,140.8527936064142,78.29269220755587,80.7324134561056,144.25790190875446,139.34000894840202,0,0,133.60904025872705,128.2956074683169,0,0
1.4750000000001364,166.1017403528512,163.7698040023746,0,0,140.777885626814,78.33237888777936,80.7977514162862,142.67181989895434,137.8056833193173,0,0,131.7376156972752,126.5189484863041,0,0
1.4833333333333485,165.6350998936898,163.46532807873686,0,0,140.81096545039543,78.3449777849874,80.85453945208127,140.99258945457657,136.20873271674736,0,0,129.87767863974562,124.77486460588236,0,0
1.491666666666788,165.1957308074496,163.1262949395434,0,0,140.80689190025655,78.38455771808705,80.88345038181839,139.33179501369017,134.65011334788974,0,0,128.04304807237418,123.05755732240684,0,0
1.5,164.71102115519997,162.6722446958844,0,0,140.862744724046,78.39588128728336,80.90927963339556,137.6227645376026,132.94367251970104,0,0,126.19567160223238,121.22829891727042,0,0
1.5083333333334394,164.16332151651042,162.30453707601026,0,0,140.84776541733277,78.31741773348632,80.97506075754302,135.89985213375928,131.26237679424895,0,0,124.36913045357826,119.4459374328762,0,0
1.5166666666666515,163.70541905944003,161.65936271755896,0,0,141.02856045929667,78.36375826782997,80.84293850189916,134.17918490095252,129.4824353564911,0,0,122.54939811810284,117.57126496253682,0,0
1.525000000000091,163.20761408177765,161.09457060191633,0,0,141.18430455001914,78.34355867805728,80.7967063197293,132.45263843237888,127.69372807328494,0,0,120.73851051344138,115.71147161198247,0,0
1.533333333333303,162.67640756259624,160.48383966252882,0,0,141.31096686665305,78.31170780543634,80.72999146530482,130.68370447190654,125.8376898739215,0,0,118.91139715239449,113.81805672434749,0,0
1.5416666666667425,162.12782809825453,159.8393354054849,0,0,141.52599274418986,78.25000159708472,80.64083259685579,128.95568420292102,123.99559464077785,0,0,117.10034593911267,111.90523782668802,0,0
1.5499999999999545,161.5910792680967,159.1471230092219,0,0,141.7388026039657,78.19697856330137,80.51955517731405,127.27022807402982,122.19610352228007,0,0,115.34366060667928,110.04096087083084,0,0
1.558333333333394,161.0310187656698,158.4345509709462,0,0,141.6240278231329,78.11609661233004,80.37607135680138,125.76640901478112,120.56456906918389,0,0,113.6072584572026,108.18320895769466,0,0
1.566666666666606,160.46503989284622,157.62670740365334,0,0,141.56292751328596,78.01157359234574,80.16118016059039,124.27367178039061,118.9156803410875,0,0,111.90606387554482,106.35002448005808,0,0
1.5750000000000455,159.91012409384925,156.93050129995794,0,0,141.85614361161268,77.90540226618312,80.04573240559765,122.62527388495312,117.10413400048388,0,0,110.25297977292966,104.5205400692792,0,0
1.583333333333485,159.26601354367338,156.14167791630268,0,0,141.98803029207284,77.78546627334511,79.86719019599248,120.96110078430486,115.34178103677566,0,0,108.53511466505189,102.69081674704401,0,0
1.591666666666697,158.59527102130184,155.40895580256893,0,0,142.09306135151306,77.63076754778602,79.69368564059768,119.46188528582499,113.74527821474244,0,0,106.85888189631522,100.92962869618097,0,0
1.6000000000001364,157.9526809505097,154.58281680699093,0,0,142.29916889537355,77.49577229697888,79.48805409759053,117.84236707845137,112.00884724844362,0,0,105.19295532884558,99.141001306146,0,0
1.6083333333333485,157.3340412334647,153.75569216825286,0,0,142.51780711980823,77.3557262357011,79.27647497279608,116.21828072242917,110.25376917034306,0,0,103.55750464112194,97.359522632118,0,0
1.616666666666788,156.59091802551958,152.8745619345845,0,0,142.69355703275028,77.16247221298389,79.035281567918,114.5029997389619,108.45043383624004,0,0,101.849379669635,95.56375410389718,0,0
1.625,155.8759481397581,152.01724467311814,0,0,142.89318013056675,76.95830078484174,78.80702158207279,112.82560234759633,106.65305627264405,0,0,100.21727836673138,93.81425836747884,0,0
1.6333333333334394,155.13931156638728,151.16602577433386,0,0,143.0165992365448,76.74384692572261,78.54213598099739,111.24056220393601,104.99149115065751,0,0,98.57464195091217,92.10618240512689,0,0
1.6416666666666515,154.3939549259273,150.28759811212163,0,0,143.14289043386748,76.5223712005214,78.27660588830281,109.70444533412231,103.37120609086685,0,0,96.98157657227216,90.43136650047352,0,0
1.650000000000091,153.5851005596323,149.44868599707573,0,0,143.3701769788846,76.21867764691814,78.01304575538356,108.10077915929088,101.70028118581787,0,0,95.37464650203708,88.76619307269033,0,0
1.658333333333303,152.82596567418733,148.6188998221163,0,0,143.42479784984667,75.97663232175806,77.74789009922515,106.65013536134902,100.2033333511952,0,0,93.78171020601893,87.13986915892076,0,0
1.6666666666667425,151.93914615824585,147.7978550555615,0,0,143.52122425722013,75.69078610529903,77.51368495601616,105.1304362302305,98.71106443424739,0,0,92.15612043068128,85.54622708386816,0,0
1.6749999999999545,151.13758510251188,146.92237385229794,0,0,143.63701569012994,75.43280054658243,77.22039252327916,103.71964112192201,97.29050835144996,0,0,90.59052853447886,83.97834868860778,0,0
1.683333333333394,150.19692341000544,146.07355109366983,0,0,143.76448568560252,75.07496747085558,76.95352575042905,102.24809364701899,95.83784339564063,0,0,89.03106045547274,82.44243501870537,0,0
1.691666666666606,149.31070960054257,145.1522198293427,0,0,143.78453950090014,74.79344684383341,76.64451936524932,100.79280919460606,94.39910550224464,0,0,87.46494050480979,80.8960067702444,0,0
1.7000000000000455,148.47173524148275,144.29294806191578,0,0,143.85172788290828,74.51583358286713,76.36725621301815,99.43762871639157,93.05320765519006,0,0,85.9716828526228,79.41598553306682,0,0
1.708333333333485,147.48658815367287,143.4571841042141,0,0,143.9089477287933,74.14562605743194,76.11764120528474,97.97377439091399,91.64292765190234,0,0,84.39976169805935,77.9088851947632,0,0
1.716666666666697,146.58839506636184,142.60369057716704,0,0,143.96393945608446,73.833412070049,75.84692593207956,96.57893766570476,90.27018522884876,0,0,82.92999196306609,76.46856740884147,0,0
1.7250000000001364,145.71343278362468,141.75943051885486,0,0,144.05764033712137,73.52080593094199,75.56336190353701,95.31465128502026,89.01699446564962,0,0,81.50696474892713,75.0681165111156,0,0
1.7333333333333485,144.8897813427801,140.9472261999532,0,0,144.10544287839892,73.22461303129906,75.30532354924276,94.01181877841913,87.71834688960136,0,0,80.11087105597701,73.67872568315786,0,0
1.741666666666788,143.93425750333208,140.08009618525708,0,0,144.35995756148034,72.87135280155398,74.96805341688594,92.49733030741962,86.291401339739,0,0,78.66975512369754,72.33335692593242,0,0
1.75,143.09278964132903,139.43907474086026,0,0,144.4594917648835,72.60401755596746,74.87139573618558,91.18762712044997,85.02127475799387,0,0,77.26370352227264,70.97194683917716,0,0
1.7583333333334394,142.28704931442334,138.70858151404946,0,0,144.8004921614109,72.33678465149674,74.653503462776,89.73145807184525,83.60126492959665,0,0,75.90056630108973,69.65368248595274,0,0
1.7666666666666515,141.35426923110091,137.96972052739315,0,0,144.90782463599018,71.86265908608063,74.43745068427916,88.60744987030549,82.47204901215581,0,0,74.61633960718245,68.37047919719032,0,0
1.775000000000091,140.62446494664076,137.25220555762047,0,0,144.93444041431795,71.59850305121564,74.21883538458378,87.44636485637251,81.2845789612534,0,0,73.3735379998942,67.10410120353495,0,0
1.783333333333303,139.8961937599515,136.5651119193329,0,0,145.27863309425183,71.36154647470144,74.0164072422418,86.24251241528029,80.0675549004759,0,0,72.13580278562884,65.85658053180804,0,0
1.7916666666667425,139.3003321362963,135.89963641903975,0,0,145.3600289083414,71.20263574458241,73.85659402901372,85.18546220632372,78.95482116354114,0,0,70.93461593010771,64.60044192179201,0,0
1.7999999999999545,138.7258940426148,135.31927347094185,0,0,145.61689289382028,71.04844688493375,73.71431645397564,83.98960105754537,77.7290564882879,0,0,69.77573156895005,63.417796973685135,0,0
1.808333333333394,138.1485083084043,134.70561255458335,0,0,145.8610524313583,70.88864639326474,73.54845541882494,82.9200461976004,76.63037738845811,0,0,68.63732769241156,62.25009762768895,0,0
1.816666666666606,137.62327357612256,134.18894602142925,0,0,146.11347443167446,70.74782036656042,73.43647575753148,81.78474135035903,75.45516717811883,0,0,67.52687424301526,61.09852226624288,0,0
1.8250000000000455,137.14287141359557,133.61594507404237,0,0,146.47444183849623,70.65094211989259,73.2980735977657,80.63243798925394,74.2640737342392,0,0,66.41474928445481,59.951669907615496,0,0
1.833333333333485,136.70833279130625,133.14896049037478,0,0,146.79490876807725,70.56387023633701,73.20075136400699,79.51362571179996,73.11997939437533,0,0,65.33717731647039,58.844552828155386,0,0
1.841666666666697,136.21540801665546,132.7317026185807,0,0,146.86999552847928,70.42004614507961,73.12230689064062,78.47389345445896,72.06907283428185,0,0,64.24421285949798,57.74172772984317,0,0
1.8500000000001364,135.79327793950588,132.29498881601987,0,0,147.4522871503396,70.3130327263319,73.04483781584622,77.21242798181933,70.75664220905506,0,0,63.180415134019164,56.624632391813165,0,0
1.8583333333333485,135.43877262613682,131.89646105507114,0,0,147.54657194258098,70.22440415635705,72.96672073084923,76.37394048386686,69.85843861798452,0,0,62.17600076199472,55.563824919016604,0,0
1.866666666666788,135.0798660107584,131.53856050302346,0,0,147.9268382628172,70.14711703473822,72.89531754269605,75.22913621394676,68.69486742032541,0,0,61.1467159040772,54.51488011950515,0,0
1.875,134.71031923754555,131.2097317865021,0,0,148.23327341071428,70.04345946759243,72.81212993288388,74.18052412666361,67.6667972849015,0,0,60.14906545226209,53.534516205683964,0,0
1.8833333333334394,134.44292951389448,130.9044401697109,0,0,148.79953193578086,69.9823397370688,72.74684131597162,73.17030227709023,66.60505127300632,0,0,59.222891248423124,52.56441804620781,0,0
1.8916666666666515,134.20651285287838,130.59922410528623,0,0,149.0162589648268,69.92221683342788,72.66550188015414,72.22546148726462,65.599199062845,0,0,58.34455080294642,51.62939451055782,0,0
1.900000000000091,133.9705609919669,130.3261383981975,0,0,149.43791372796764,69.87141987231712,72.60090292475662,71.27907883056159,64.63132925387458,0,0,57.47499986297324,50.73739470026826,0,0
1.908333333333303,133.7253629305924,130.02755620339374,0,0,149.72942022767532,69.80924613997634,72.51012101640633,70.30522410447993,63.61749916493995,0,0,56.599047554322354,49.826764224245636,0,0
1.9166666666667425,133.48205980675894,129.62973037566712,0,0,150.07022481511515,69.7502921039162,72.2973732867567,69.39983464857865,62.69328735029656,0,0,55.75393904127704,48.96077785563895,0,0
1.9249999999999545,133.2151359993181,129.39487808079707,0,0,150.54907191506265,69.66844771387925,72.23128948000546,68.49186644106071,61.7874339340085,0,0,54.91341148950126,48.11735684557801,0,0
1.933333333333394,132.94446304193812,129.19650328771704,0,0,150.8183350052034,69.55561650593717,72.20730225182682,67.52854815438907,60.79166214912643,0,0,54.08335919766298,47.25591993633941,0,0
1.941666666666606,132.69899662800205,128.92768211919864,0,0,151.12536254726388,69.45781293643387,72.10917031794396,66.81945135486049,60.042602497034,0,0,53.29419134786573,46.437234438544294,0,0
1.9500000000000455,132.42314467998563,128.6197359675429,0,0,151.41442356618734,69.33639627252577,71.96665805413896,66.01023183519624,59.19465307819761,0,0,52.53928520316985,45.65228105591297,0,0
1.958333333333485,132.1339055772989,128.27870880657395,0,0,151.5950721473089,69.19854744457537,71.8179811971897,65.41661482858545,58.53878197431986,0,0,51.82150879187533,44.88342459486642,0,0
1.966666666666697,131.8104105818186,127.95230999785947,0,0,151.9002779599957,69.03375432849737,71.65282545453513,64.55989396783525,57.62444971719045,0,0,51.11137513209796,44.125749843685384,0,0
1.9750000000001364,131.45120313449056,127.59484584780895,0,0,152.17206608108177,68.8258784378687,71.48776304697246,63.898198059270776,56.90769621376158,0,0,50.46612691027933,43.437972892425876,0,0
1.9833333333333485,131.09618962505084,127.16625171614834,0,0,152.43991632635655,68.65435762308933,71.26062005636278,63.230066270179464,56.19002329087228,0,0,49.83275101059826,42.76274229195605,0,0
1.991666666666788,130.7284760688142,126.78617945968148,0,0,152.54616339973492,68.48181692665558,71.08159969772684,62.559207851240735,55.49235003838027,0,0,49.17854046616454,42.09280597486621,0,0
2.0,130.3573690255293,126.3525711982028,0,0,152.7590681709327,68.29481688509514,70.8556213925515,61.92129998026363,54.79401048497712,0,0,48.606298064733295,41.472859862138876,0,0
2.0083333333334394,129.94958226598732,125.92143042330635,0,0,152.80876632177208,68.05669731831246,70.65469901168208,61.545100493598085,54.352227690137376,0,0,48.08697721777733,40.897031983068395,0,0
2.0166666666666515,129.45426411955467,125.4224383808758,0,0,153.00365604446748,67.81871032892221,70.39925347703955,60.83040041642486,53.625476322261214,0,0,47.52850470676396,40.33724134562729,0,0
2.025000000000091,128.98044212137495,124.9884894198682,0,0,153.12464123305529,67.55360298614963,70.19259611086709,60.49993548714177,53.24816935886329,0,0,47.094689807590306,39.86736409934398,0,0
2.033333333333303,128.48549456768106,124.48590903900242,0,0,153.36935961284982,67.29023035746702,69.92929883446887,59.97922928080521,52.707533763021694,0,0,46.667153883192135,39.427564910251505,0,0
2.0416666666667425,127.99109189117986,124.0061164028852,0,0,153.29113291523973,67.02473383461009,69.70331892165517,59.714635468831744,52.37409244851851,0,0,46.3165979448429,39.02011666192618,0,0
2.0499999999999545,127.50442100192063,123.54232851021538,0,0,153.63820246680683,66.7587242780799,69.47748863359146,59.32689652618527,51.93289244462703,0,0,45.997179774806035,38.654006074458685,0,0
2.058333333333394,127.19360967615181,123.04045624195568,0,0,153.70940437427194,66.73742684746964,69.23173836199099,59.11775036659174,51.66233568319115,0,0,45.78413457661947,38.38312087925036,0,0
2.066666666666606,126.52250154174821,122.5802276746085,0,0,153.41408892289314,66.2470400972186,69.02035438847949,58.92176329917478,51.37826522470353,0,0,45.51780046328778,38.0362316821788,0,0
2.0750000000000455,126.02605221597685,121.96738612614894,0,0,153.42217722903052,65.98820066832117,68.70504581847482,58.74218057272475,51.08855727910498,0,0,45.341562852738285,37.76324922244697,0,0
2.083333333333485,125.56864628818407,121.4343575105884,0,0,153.6684409689395,65.75964131100686,68.43343939678486,58.60277491535594,50.87966967978216,0,0,45.23900576058894,37.59337043633323,0,0
2.091666666666697,125.14673542898507,121.05056860114408,0,0,153.4816153046172,65.51251937209,68.33043891378514,58.53281658926772,50.68914181721846,0,0,45.13335420793902,37.37244175391863,0,0
2.1000000000001364,124.69206443345179,120.59005648214008,0,0,153.49307148156225,65.26768208593933,68.09995835114712,58.61577418749697,50.70521174654602,0,0,45.12201963314527,37.29703314896323,0,0
2.1083333333333485,124.28001063913052,120.13743619554894,0,0,153.48534866913383,65.05984683794509,67.87945051759719,58.52368036176925,50.550670559687866,0,0,45.08277027982663,37.19872757680924,0,0
2.116666666666788,123.89254332163289,119.80057666768997,0,0,153.29069707668154,64.85990286030692,67.72488500513212,58.604723466235036,50.60042851794596,0,0,45.10096700503905,37.18842698761377,0,0
2.125,123.4684603726234,119.50796044150778,0,0,153.16031465704918,64.63729523280972,67.59329247449382,58.63854005212084,50.647303047563106,0,0,45.11539746820965,37.2194003909547,0,0
2.1333333333334394,123.18068080734359,119.15001310851912,0,0,152.88560381662245,64.49887209295265,67.41880036330166,58.73168578925302,50.69818126328288,0,0,45.19438500470161,37.25337662601896,0,0
2.1416666666666515,122.93386227321076,118.8192516632209,0,0,152.82818447224372,64.38042989812152,67.26565565116047,58.929140807888,50.836882484599045,0,0,45.33893740018515,37.34221923298218,0,0
2.150000000000091,122.68577611606085,118.56290221500184,0,0,152.73604385572617,64.24664968538742,67.13795365036135,59.12888298091383,51.01857558020767,0,0,45.516471251345784,37.49847121957379,0,0
2.158333333333303,122.4823121073835,118.32892482920408,0,0,152.5792910624953,64.0976466651275,67.03885629598759,59.39958685998972,51.225408593336404,0,0,45.72805617170516,37.647294162112196,0,0
2.1666666666667425,122.45346971974122,118.17186560138646,0,0,152.49721272627983,64.11015717027742,66.97868162402357,59.702463672005884,51.47023022801461,0,0,45.9911928649008,37.84794503099646,0,0
2.1749999999999545,122.4153965019964,118.0617069634552,0,0,152.39236015779304,64.08412366174895,66.92567822460647,60.02187752778253,51.752064336701714,0,0,46.30166674592103,38.117793703326186,0,0
2.183333333333394,122.39279438224733,118.06898274484601,0,0,152.3375802384551,64.07590967749175,66.92972906887617,60.266298003493986,51.98090666795355,0,0,46.59005421983839,38.38604705608383,0,0
2.191666666666606,122.45125387282961,118.18420382639427,0,0,152.0708083312754,64.08902180467594,67.03715525450053,60.69944707942211,52.36739926579671,0,0,46.96586569115424,38.719875891800285,0,0
2.2000000000000455,122.57383823662194,118.25084560823557,0,0,152.0063447704303,64.15351465405638,67.06627160390414,61.11082719663492,52.78669011910396,0,0,47.331546768054956,39.084152822148866,0,0
2.208333333333485,122.73899954429811,118.42064575291494,0,0,151.898948889898,64.21681131284049,67.13162038845854,61.51872707473789,53.21608975422778,0,0,47.700022343560406,39.474457467760466,0,0
2.216666666666697,122.97381302575282,118.49837942719283,0,0,151.85173507272486,64.31053682182197,67.08930511938354,61.90115880366147,53.61425963526137,0,0,48.12017197730372,39.8986860423329,0,0
2.2250000000001364,123.27181891777056,118.72778694021788,0,0,151.73189726758656,64.43423180207449,67.17101252253114,62.41255747398521,54.11018903828215,0,0,48.577353915001254,40.34016453944853,0,0
2.2333333333333485,123.61733439075694,119.01855771701312,0,0,151.78893411103402,64.57612946496823,67.28714375972609,62.86072518355434,54.5461124549973,0,0,49.060298581768116,40.803465164261816,0,0
2.241666666666788,124.0246845691021,119.37924822536391,0,0,151.56235180830032,64.76058149876602,67.42452421337897,63.45596236625017,55.16720353775801,0,0,49.54676464281173,41.306134311482396,0,0
2.25,124.44457754247675,119.89011519255999,0,0,151.51734221997614,64.92752797782022,67.6392789664348,63.99282449964688,55.76787301076821,0,0,50.04220688695204,41.85547275401762,0,0
2.2583333333334394,124.8527520733402,120.65929859844637,0,0,151.31626026024367,65.13566220184069,68.01957670261824,64.44227121202451,56.30946705388475,0,0,50.51319262090375,42.41280932463932,0,0
2.2666666666666515,125.31063141239385,120.77883575567407,0,0,151.13851359772352,65.36284728812474,67.97203802648673,65.06537917157776,57.02243535637327,0,0,51.05678463458049,43.041385833555296,0,0
2.275000000000091,125.78573201904398,121.32586719082522,0,0,151.00768440217314,65.59438632233893,68.16256888219434,65.63563825384018,57.710024919981386,0,0,51.58968549842795,43.687504079069846,0,0
2.283333333333303,126.34221868854192,121.9274920211999,0,0,151.03338974009367,65.84149979090812,68.40927223865867,66.22684373293434,58.36532385860053,0,0,52.21819650424225,44.371903722530426,0,0
2.2916666666667425,126.88537482661005,122.57918859700992,0,0,150.9779261029269,66.0970263331383,68.6413370404438,66.84304917896927,59.11361600384338,0,0,52.82503375751682,45.105628487718505,0,0
2.2999999999999545,127.4360783465502,123.25871434656337,0,0,150.86938179070873,66.35275043239395,68.92477145131147,67.56121874510876,59.94041731303703,0,0,53.449494628863526,45.835694358690866,0,0
2.308333333333394,128.0804091284642,123.99021069702097,0,0,150.88636895413723,66.67644944960774,69.23794145992018,68.17921734601416,60.64072964187077,0,0,54.12522445225634,46.58971945517271,0,0
2.316666666666606,128.70199487333787,124.56992034528115,0,0,150.59479715337747,66.96320379860084,69.37130458636037,68.95059954935488,61.487434914483806,0,0,54.8271959274745,47.36285689251775,0,0
2.3250000000000455,129.3090045702041,125.28372707838301,0,0,150.4632458746748,67.2382658868304,69.68670085518148,69.66177791021754,62.264263505219645,0,0,55.52877795420569,48.1241913617436,0,0
2.333333333333485,129.95524300402124,126.07750379074102,0,0,150.40730961846913,67.54631350717943,70.04910079569164,70.42556669129576,63.09898254119344,0,0,56.288346575024974,48.95247878487663,0,0
2.341666666666697,130.68188826407516,126.83734312853697,0,0,150.15430547785095,67.90132024630002,70.39352860661269,71.32766641058743,64.0184083647914,0,0,57.11553025912349,49.79518626310678,0,0
2.3500000000001364,131.35251047279752,127.60689476570245,0,0,149.9606601180967,68.17880501024415,70.72136367114996,72.2313219997663,64.93998037644845,0,0,57.955651859926725,50.64709725944491,0,0
2.3583333333333485,131.97746029876518,128.35736877325505,0,0,149.61567875526893,68.44175545244748,71.02515473457926,73.12670736473144,65.88820597251926,0,0,58.77699572405487,51.522984872403946,0,0
2.366666666666788,132.6491299787859,129.08410963570358,0,0,149.54990041049155,68.74636572084117,71.31358018962536,74.0123911835758,66.80237029709103,0,0,59.640879928582486,52.41041984856768,0,0
2.375,133.39557991512726,129.84820124913168,0,0,149.58928640691994,69.10037900085592,71.62489410837637,74.96583352833736,67.75610417563406,0,0,60.60539653385755,53.37512276613497,0,0
2.3833333333334394,134.03151439699982,130.61380697222674,0,0,149.5160721641063,69.36513848916208,71.94444518839883,75.83344920464091,68.68736946547482,0,0,61.499825173721476,54.32958445146373,0,0
2.3916666666666515,134.8195475330245,131.34768107557358,0,0,149.4008588504615,69.72827580892454,72.2462210562463,76.88063783567179,69.70549109208928,0,0,62.516690908731505,55.31351413190936,0,0
2.400000000000091,135.49545364652425,132.0983137240535,0,0,149.14135253602757,70.01937686062888,72.55232446076471,77.9345808622811,70.77510561007396,0,0,63.48696289795801,56.29585097405492,0,0
2.408333333333303,136.23275837336612,132.83291130463326,0,0,148.95173535169383,70.33771269082351,72.83308256386073,78.98478406669427,71.83872204835326,0,0,64.51747257433892,57.33158195262651,0,0
2.4166666666667425,136.98376571478988,133.56991808567636,0,0,148.7923558113792,70.71665152141644,73.11124471217475,79.97136836787698,72.84722609945617,0,0,65.54795203014245,58.38449215960485,0,0
2.4249999999999545,137.65817660036265,134.28122086118435,0,0,148.76608823598139,70.98748913088393,73.38810528884656,80.97692556489527,73.85358378234844,0,0,66.617035973856,59.445967994077506,0,0
2.433333333333394,138.44990419577877,134.99095903368638,0,0,148.57014809045455,71.3612785103847,73.66803641357833,82.14174256461256,74.99641200705483,0,0,67.75359390067254,60.55578983247936,0,0
2.441666666666606,139.05184295278482,135.68291390178857,0,0,148.57948843827234,71.61353728001747,73.95225203089974,83.11436212424822,76.00784623292658,0,0,68.81479376174995,61.6497843340666,0,0
2.4500000000000455,139.8418690793088,136.33254556525944,0,0,148.57579382634523,71.95959707513317,74.19464441658059,84.32750615866694,77.1693951158463,0,0,70.02553118897002,62.80540356948739,0,0
2.458333333333485,140.49278598101,137.07003860996053,0,0,148.49197105876496,72.24115102461174,74.4907616456092,85.43100505554493,78.31771591155149,0,0,71.17968221148513,63.99883622077229,0,0
2.466666666666697,141.2029715483215,137.7274642224931,0,0,148.45123946455686,72.48953844417947,74.74957694943271,86.6987920062162,79.52487506650614,0,0,72.44706418878019,65.19472236541476,0,0
2.4750000000001364,141.90153917338833,138.40381279218698,0,0,148.3802730340283,72.78808733080218,74.98054241458802,87.85092013019425,80.69830397699039,0,0,73.66631218350162,66.43288921484195,0,0
2.4833333333333485,142.6149908992869,139.04805323969444,0,0,148.18206121539717,73.0482984222405,75.22201876410637,89.24508845735387,82.03522445999,0,0,74.99488952556143,67.70229663726319,0,0
2.491666666666788,143.32205324680555,139.72288622216885,0,0,148.09741711141038,73.31227322138353,75.45456519548883,90.45667615119662,83.25169256054261,0,0,76.29435964002602,68.99572377599739,0,0
2.5,144.08048712626203,140.3872215613195,0,0,147.86199721878907,73.55483901799505,75.68375902116748,91.83393106813186,84.5457615665448,0,0,77.68574058857038,70.29452960874133,0,0
2.5083333333334394,144.8306736638322,141.04824786302007,0,0,147.64794758899464,73.84755159572009,75.9207841969455,93.29993614050682,85.99702814598805,0,0,79.08708025407105,71.6688177707985,0,0
2.5166666666666515,145.52866214108803,141.75557838390188,0,0,147.55328114898117,74.08682137602132,76.16996218851662,94.71040550767393,87.41866078995305,0,0,80.47649904608663,73.06201785731734,0,0
2.525000000000091,146.45654719928515,142.37906605419982,0,0,147.45712821566173,74.61552131953391,76.37149155718275,96.04753634938824,88.75277198452247,0,0,81.89997328041801,74.4667262640821,0,0
2.533333333333303,147.18291224876927,142.98618566950282,0,0,147.3214455538364,74.89785069890716,76.56903331564986,97.3480180570542,90.02990007553034,0,0,83.33357677024713,75.87515540956704,0,0
2.5416666666667425,147.57376604286335,143.66721603207293,0,0,147.27841014646336,74.7753398290912,76.79300410362437,98.69463259633622,91.40844665705583,0,0,84.79239984776021,77.34932017314931,0,0
2.5499999999999545,148.30266354139283,144.2153525619552,0,0,147.0471319123618,75.05650704955771,76.84771279363515,100.17105438349643,92.88591632980122,0,0,86.2920387184945,78.84095277253518,0,0
2.558333333333394,148.9608420274683,144.85299717041454,0,0,147.00326259024663,75.27071919529767,77.10198707269348,101.5749656868994,94.26772256828555,0,0,87.8016805163287,80.32406918780661,0,0
2.566666666666606,149.60357326783637,145.52202151232288,0,0,146.81548528866867,75.48632785836914,77.28686856877782,102.86481470298807,95.62133107330001,0,0,89.2965912567632,81.8666107343922,0,0
2.5750000000000455,150.32937677583178,146.19456220389293,0,0,146.47080345647714,75.72555925871494,77.46773611626047,104.40225810985741,97.16397707626658,0,0,90.85739538995732,83.4364791374717,0,0
2.583333333333485,150.98457280687015,146.8438716801904,0,0,146.28033178527454,75.89681671686105,77.72117443866799,105.80308522694688,98.55015551882781,0,0,92.42027420273122,84.97428676404488,0,0
2.591666666666697,151.5852240089897,147.31610670547667,0,0,145.99447307877188,76.06653386969252,77.74388567286427,107.30044625651124,100.02242996115862,0,0,93.9640056839619,86.48546156548386,0,0
2.6000000000001364,152.27768588990097,147.9294397893655,0,0,145.68177377413258,76.30090588055492,77.9011229900309,108.83856193939324,101.55686310612741,0,0,95.5498946311825,88.06203911766232,0,0
2.6083333333333485,152.9305061513024,148.49983436137734,0,0,145.29072158045645,76.46408290194577,78.03599296731065,110.26757004539948,102.92723979769077,0,0,97.17108374542838,89.61479301832537,0,0
2.616666666666788,153.50922842176948,149.06688658536007,0,0,145.1378489805057,76.56832645197946,78.14958689183403,111.75045598886516,104.38936600655543,0,0,98.77484316695535,91.2025211408453,0,0
2.625,154.14351772481763,149.5881302973029,0,0,144.75651606161088,76.72436219520087,78.24315446084086,113.23079057737681,105.84409076718347,0,0,100.38339803578529,92.75669295003254,0,0
2.6333333333334394,154.7996179897834,150.15020226369703,0,0,144.53130517846515,76.89090279677109,78.35126145086637,114.76329634033506,107.33744449344884,0,0,102.03465379813204,94.36491788587534,0,0
2.6416666666666515,155.3567910564078,150.72931245150326,0,0,144.22004420302844,77.02901159182834,78.5216324482299,116.24899346244419,108.82941289202176,0,0,103.6198133533191,95.9432128051767,0,0
2.650000000000091,155.94541388492954,151.21818384422585,0,0,144.10993565498563,77.1354125214637,78.56407806342534,117.82273610844457,110.35570452929764,0,0,105.28695248177068,97.5506607238715,0,0
2.658333333333303,156.50356573680855,151.67476190325286,0,0,144.00221223412188,77.24248770993263,78.60841707242827,119.25975452090586,111.75755824027947,0,0,106.90866139458504,99.11591829598491,0,0
2.6666666666667425,157.0867015142928,152.1657363067018,0,0,143.82376793559789,77.4273965661275,78.66423630902248,120.64940946248632,113.1496943797324,0,0,108.48837577225726,100.68954035611881,0,0
2.6749999999999545,157.61638151762298,152.64689170496786,0,0,143.59857823959572,77.55630702495512,78.72489315087967,122.23779366584371,114.71626953464678,0,0,110.10070668055063,102.2837816104337,0,0
2.683333333333394,158.20249102857605,153.1243278234942,0,0,143.5791703666183,77.7305384901124,78.78897138244604,123.63528275521,116.10588997559015,0,0,111.69603585210032,103.85493012718811,0,0
2.691666666666606,158.7030101225238,153.5330145774634,0,0,143.44470277922542,77.79951575812748,78.82174427128662,125.09185285941,117.50332205011773,0,0,113.303806389344,105.38900128254139,0,0
2.7000000000000455,159.18741195978544,153.9732199520646,0,0,143.28607957574823,77.86686356695802,78.85300552500007,126.59925149948752,118.99721797572694,0,0,114.89882479963654,106.96573573344953,0,0
2.708333333333485,159.64884765088271,154.45330788604423,0,0,143.08872477008012,77.90863076462945,78.89085168289706,128.0556188528539,120.49214954524754,0,0,116.49026456575623,108.57617464834883,0,0
2.716666666666697,160.1973012206411,154.89771309087794,0,0,142.96116021716736,77.98457833203996,78.92327192609741,129.62933604085032,122.01990205932805,0,0,118.13409439724833,110.15826849923316,0,0
2.7250000000001364,160.65088953464226,155.33826150236698,0,0,142.93904753610246,78.04215860772054,78.97066887452137,130.9917837719342,123.40127498841119,0,0,119.70464734491524,111.73179687785166,0,0
2.7333333333333485,161.2147422752987,155.78790377699778,0,0,142.76003216104738,78.12708159967357,79.00198072112215,132.54850790199427,124.92178031171994,0,0,121.32474818256718,113.29913281656832,0,0
2.741666666666788,161.70224126471427,156.2483295327694,0,0,142.65260935263515,78.20437027008096,79.04435089259034,134.02862316980853,126.42436828574668,0,0,122.89038866825952,114.87375207721887,0,0
2.75,162.116806305002,156.70210996719365,0,0,142.38424866714416,78.20565434154611,79.14044163038177,135.5185885810678,127.90732911872877,0,0,124.42794319618311,116.3899919939269,0,0
2.7583333333334394,162.6205074247213,157.15685460999524,0,0,142.39015167120712,78.29514105116552,79.19299975095461,136.91027053151473,129.3219065571748,0,0,125.96875660359727,117.94000904550957,0,0
2.7666666666666515,163.14812619674808,157.577033987167,0,0,142.06391888750196,78.38628736274175,79.21901996744016,138.3746429638319,130.79669010372328,0,0,127.48375558938324,119.43418132806487,0,0
2.775000000000091,163.65212825733917,157.97553319036334,0,0,141.88229397795155,78.39880365259627,79.19401247225228,139.95457318856626,132.35872333163474,0,0,129.0507827977543,120.96384119981664,0,0
2.783333333333303,164.20480620701653,158.36093513295884,0,0,141.68582756539726,78.50889376670452,79.19112880585277,141.39442123528335,133.78877019263683,0,0,130.57381470003244,122.46260667076847,0,0
2.7916666666667425,164.7732222997586,158.76373708453323,0,0,141.5942655858779,78.61424266763021,79.22113565214373,142.8716075195852,135.24260843628852,0,0,132.088860142089,123.93729512843476,0,0
2.7999999999999545,165.38874048416122,159.16488621105626,0,0,141.36318990703202,78.73636715702797,79.23987181893314,144.2789053638142,136.6356649122986,0,0,133.62148475480205,125.42079846521135,0,0
2.808333333333394,165.9988791393064,159.57110883682645,0,0,141.2185557472996,78.86399942666202,79.24679134837048,145.77250447923765,138.13291642445978,0,0,135.1558903991056,126.92450562555787,0,0
2.816666666666606,166.65160124731457,159.96663462672632,0,0,141.08582061882979,79.04659391242608,79.20211616255116,147.1757964339779,139.56822765630488,0,0,136.66800181082783,128.43785514542375,0,0
2.8250000000000455,167.19660738687966,160.38951711239594,0,0,141.08226612985348,79.13909073635224,79.2212352398011,148.57686694443828,141.00453031332455,0,0,138.17503969206615,129.95787068752423,0,0
2.833333333333485,167.7124401463629,160.80444354147343,0,0,140.8452594356604,79.2208544251584,79.21863220332295,149.9114270475385,142.40388099727235,0,0,139.61356864045308,131.41536604928027,0,0
2.841666666666697,168.24027024854436,161.18455450032684,0,0,140.65415547691035,79.29046386295262,79.21498547412124,151.34414807852914,143.84438467981968,0,0,141.09706560703623,132.87199984924854,0,0
2.8500000000001364,168.7719252857333,161.54662555967175,0,0,140.30955224980724,79.37970444394206,79.21599501060604,152.80783114736,145.3422190553668,0,0,142.54426046788655,134.29750904693574,0,0
2.8583333333333485,169.27409012510614,161.8936753722891,0,0,140.0041646077452,79.45491901884795,79.21229701837684,154.22632411510122,146.7786513950325,0,0,143.98475015736483,135.7033697637974,0,0
2.866666666666788,169.72183522350102,162.2259571389696,0,0,139.73922392661217,79.49471572777499,79.22247989027001,155.47304802362206,148.06701579765647,0,0,145.38929406471433,137.08544619141387,0,0
2.875,170.17035807388513,162.54282343690087,0,0,139.42344872067085,79.53373310119342,79.25080896478632,156.82632277370442,149.41956215953417,0,0,146.8000867818753,138.43327852495557,0,0
2.8833333333334394,170.5680877347412,162.84195917638257,0,0,139.25926222381042,79.54628381627701,79.26105386498077,158.1665613892496,150.7934561470775,0,0,148.20592194705335,139.794955731699,0,0
2.8916666666666515,170.94277513612093,163.13610747240867,0,0,138.9540369486816,79.55541657526297,79.27736559213284,159.488761162245,152.18482237449433,0,0,149.56334596839253,141.12139805335548,0,0
2.900000000000091,171.30979589969556,163.50073054251445,0,0,139.07256636263105,79.53732623299568,79.38994040423964,160.50587817895178,153.2390407799387,0,0,150.92782997321126,142.441670568222,0,0
2.908333333333303,171.64074629198333,163.8100371985193,0,0,139.04625052512085,79.52179605400256,79.41034131545425,161.64469763793633,154.4371188575177,0,0,152.2686094707283,143.76175201007794,0,0
2.9166666666667425,171.97199219564604,164.0985101320417,0,0,138.91415734742964,79.51360595848382,79.4357611306654,162.82512425564408,155.72133734443128,0,0,153.58455185415852,145.05323923441787,0,0
2.9249999999999545,172.2571904298965,164.4035266713977,0,0,138.78016644867628,79.49803365845607,79.44380059686519,163.98561263779547,157.03199318109102,0,0,154.862944291318,146.3686468515903,0,0
2.933333333333394,172.55963760941373,164.65039090992903,0,0,138.75320448345195,79.48007876585515,79.40513172428673,165.10684592876234,158.27050575910144,0,0,156.17161164765315,147.6603562562801,0,0
2.941666666666606,172.80418661282468,164.96298224539052,0,0,138.67400516021272,79.38026760479613,79.41032693148185,166.09962130554229,159.47236618622972,0,0,157.4376802449086,148.94829888418104,0,0
2.9500000000000455,173.03976379936526,165.24857261739822,0,0,138.64232421336908,79.35319093306911,79.41774683608479,167.06044434326492,160.60725241684258,0,0,158.65145119441445,150.21213248168496,0,0
2.958333333333485,173.43589586269846,165.56260878428307,0,0,138.63586204144224,79.43692523291942,79.43713344021121,167.9873120532015,161.80257133447137,0,0,159.87707103049587,151.47408859539374,0,0
2.966666666666697,173.73747685326484,165.88455642995925,0,0,138.40836996053685,79.40288682752329,79.44871623583164,169.02232336590038,163.16425099483186,0,0,161.11649734129588,152.75010694017556,0,0
2.9750000000001364,174.03795637156486,166.2290587759093,0,0,138.36038421930982,79.37886323320683,79.47017285017736,169.8415394609907,164.28517092011364,0,0,162.29908261299292,154.00748317508632,0,0
2.9833333333333485,174.34052516255156,166.61910285813462,0,0,138.40192394136443,79.35922333796219,79.50165166003444,170.68251793038087,165.4995273383514,0,0,163.46492863585837,155.29542943941004,0,0
2.991666666666788,174.611909994692,166.9632525364874,0,0,138.23350940058447,79.321878248031,79.54262185099579,171.37965204438703,166.6589950277905,0,0,164.56522347378,156.4891380979329,0,0
3.0,174.92415518692147,167.29503174559974,0,0,138.42583829780776,79.29153601678203,79.57628936548988,171.91503057836343,167.51455279934808,0,0,165.63848774274004,157.6725759138896,0,0
3.0083333333334394,175.18103619294632,167.63706969470212,0,0,138.88837179356867,79.26802890737467,79.61496448171052,172.20432268599748,168.1407446884318,0,0,166.66068398121658,158.8499139678876,0,0
3.0166666666666515,175.38736211133192,168.0417730075777,0,0,138.28267927403368,79.17315562404683,79.7013642387764,172.62965377970156,169.85923049904903,0,0,167.65713326998343,160.04430963619487,0,0
3.025000000000091,175.64235323246666,168.40203114362268,0,0,138.10351460879906,79.16375927945012,79.73147218159453,173.0421242401236,171.06134973648,0,0,168.57796028542276,161.1826375210112,0,0
3.033333333333303,175.870877203516,168.7436323240064,0,0,138.97955465589294,79.15544257578546,79.74607868547076,172.68781172411423,171.21783159575978,0,0,169.4020738053324,162.2673210962384,0,0
3.0416666666667425,176.0906719107727,169.00668663838673,0,0,139.8311333199287,79.15150071748528,79.78018299266614,172.8108018106884,171.2488394608288,0,0,170.2026639033104,163.26725598036086,0,0
3.0499999999999545,176.24353565574214,169.3579416924903,0,0,139.66987418003833,79.09861358629384,79.80516034542124,172.87170347891072,172.32694613552516,0,0,170.9389341170152,164.3673898849618,0,0
3.058333333333394,176.45603933606137,169.69163914033294,0,0,139.42598080153618,79.10422072669991,79.83500393557092,172.76496819951538,173.32636276986398,0,0,171.62463817883145,165.3833527689474,0,0
3.066666666666606,176.7118185694684,170.0195061884554,0,0,139.46581304105823,79.1244089184167,79.88265339436569,172.61308497264207,174.07340872083188,0,0,172.26327693276932,166.36449018371783,0,0
3.0750000000000455,176.96056214768822,170.40081141973914,0,0,139.59550866719994,79.16196177485189,79.91460933345938,172.40705036815535,174.77864681058128,0,0,172.83053601594125,167.39006501741198,0,0
3.083333333333485,177.19978167381961,170.74583008699233,0,0,139.68326250994818,79.2025867239669,79.94662273647661,172.08834977032552,175.47418601015926,0,0,173.29307233555988,168.35145084089254,0,0
3.091666666666697,177.47213799101223,171.10626558820618,0,0,139.53447290081283,79.24968239187392,80.004879032351,171.64644366213506,176.1988148854141,0,0,173.70059627466284,169.28612089973362,0,0
3.1000000000001364,177.74546567941303,171.44541873719425,0,0,139.59756633916015,79.30786719302063,80.13428287811253,171.26924617526274,176.68500835439534,0,0,174.00954275999052,170.1555584133692,0,0
3.1083333333333485,178.035620243088,171.73730785555514,0,0,139.45582074804972,79.39776903423083,80.14400440082142,170.73366101648713,177.08716220252248,0,0,174.21519516023835,170.9903931038237,0,0
3.116666666666788,178.27401774723592,172.03454048937243,0,0,139.38100215432945,79.42975403852266,80.19792353895873,170.32734651852826,177.14885273447496,0,0,174.27208017977736,171.76529482753315,0,0
3.125,178.50234961117602,172.23594174553898,0,0,139.3788667024129,79.48825190651777,80.19321576051648,169.81397003224802,176.9481406038997,0,0,174.19923040162536,172.43930828141353,0,0
3.1333333333334394,178.695197695543,172.5638023911155,0,0,139.37666454035872,79.63937179968202,80.36196099144513,169.332197869934,176.78242949193964,0,0,174.02100026058594,173.17743631056322,0,0
3.1416666666666515,178.822786979729,172.8074176134414,0,0,139.0889606582743,79.60278546709924,80.41805591866604,168.6787512088572,176.45347509978478,0,0,173.7531778200241,173.77481301235767,0,0
3.150000000000091,178.88720010326057,173.01007822846867,0,0,139.10449552001975,79.6749375738596,80.46352247346478,168.1107196141293,175.94466098088125,0,0,173.4143402469992,174.26395068456534,0,0
3.158333333333303,178.98566424500754,173.24680729535478,0,0,139.0264481614478,79.70036215527735,80.48537789107549,167.60625050283673,175.3508266621149,0,0,173.00117797525652,174.72887411522768,0,0
3.1666666666667425,178.7452003316897,173.49593108261038,0,0,138.92101469028023,79.85829852493777,80.43988690566546,167.0326531370319,174.6344696009832,0,0,172.54910730225666,175.06447168296748,0,0
3.1749999999999545,178.4447583542384,173.71486687323244,0,0,138.72609715158939,80.01013788189982,80.45796235795927,166.33180037682328,173.89168055273788,0,0,172.00692485369748,175.2784680593605,0,0
3.183333333333394,178.34057148798613,173.92663925683618,0,0,138.48873278429613,80.00696688779693,80.4997160631969,165.60029431153671,173.09346538419047,0,0,171.46136988974462,175.34894679408518,0,0
3.191666666666606,178.07142840143058,174.2410828261903,0,0,138.30249304822215,80.11324344658433,80.56277986734509,165.01089153972887,172.42074994012026,0,0,170.8929744209554,175.38417496795668,0,0
3.2000000000000455,177.56181388553682,174.45006333350355,0,0,138.0653122407161,80.36217370431531,80.56139121094412,164.4046333214652,171.69642303792526,0,0,170.35018386579867,175.17252657381542,0,0
3.208333333333485,177.39071410873774,174.65768166915566,0,0,137.75159061693654,80.34474789025121,80.62989248380562,163.7243296459538,170.95077915238804,0,0,169.76961277572272,174.8768626336724,0,0
3.216666666666697,177.13037128228845,174.79008420926988,0,0,137.1894824298775,80.4077301618676,80.71039047718695,162.88298092043632,170.0515918477239,0,0,169.16399660169282,174.44537853110612,0,0
3.2250000000001364,176.81748575469814,174.88791968768405,0,0,136.78640075897633,80.49230277811685,80.96336174260844,162.1362042993911,169.3116567813615,0,0,168.56524224328027,174.019420387133,0,0
3.2333333333333485,176.51738961169227,175.15102149926855,0,0,136.37647930433494,80.59091664380728,81.00725935113888,161.37566697086743,168.49053338183825,0,0,167.9668456822531,173.54004246540805,0,0
3.241666666666788,176.25438024576655,175.24880991796857,0,0,135.92018515824589,80.65420625366387,81.11552027663039,160.52101511571607,167.58718655826124,0,0,167.34921419424808,172.9686206402351,0,0
3.25,175.92045198354108,175.30737413777848,0,0,135.26495044746537,80.7690543509602,81.2109142870201,159.68173310672657,166.64902556476528,0,0,166.72575086855318,172.38864584904417,0,0
3.2583333333334394,175.59994613955126,175.25513140939088,0,0,134.83186944796694,80.85294643894224,81.3376417277459,158.81441315985376,165.79125775183726,0,0,166.05276121245453,171.76978117317654,0,0
3.2666666666666515,175.10829438796696,175.27736821047515,0,0,134.34633910189524,81.03791916735729,81.46064690170181,157.89985138226402,164.94303188286008,0,0,165.3964235424021,171.20045637412508,0,0
3.275000000000091,174.76036416110853,175.17665587670254,0,0,133.82593282895456,81.15109461505827,81.64596734668369,157.0013031291988,164.09877395947095,0,0,164.77759251658586,170.6427324843202,0,0
3.283333333333303,174.3748377034857,175.1390941808045,0,0,133.5388569389121,81.27148802046545,81.74857212937091,156.15093502155455,163.27027901501094,0,0,164.10702923055442,170.03685278979438,0,0
3.2916666666667425,173.9970247840056,175.0936731420177,0,0,133.08615224200884,81.38843541152444,81.86318965400486,155.13562393562975,162.2692701347176,0,0,163.41258701537083,169.42511763530092,0,0
3.2999999999999545,173.62293123456627,175.01675801217348,0,0,132.71666163962107,81.53136026851134,81.96576367338756,154.27721115183442,161.41903562015094,0,0,162.80411786539662,168.87009978113863,0,0
3.308333333333394,173.26253648148915,174.8822967563181,0,0,132.30043495381562,81.65834133844083,82.08864729074892,153.36927603723967,160.5283334085461,0,0,162.19161195781192,168.30516594006784,0,0
3.316666666666606,172.9658917433729,174.79594398375028,0,0,131.93519154209142,81.7358268437111,82.16511974995555,152.51535595189836,159.6622151155391,0,0,161.6279470360705,167.75096278698555,0,0
3.3250000000000455,172.68687781527277,174.8395866960479,0,0,131.5497931896624,81.81510723690282,82.2060414416718,151.70601952915803,158.83940553066836,0,0,161.10389682511894,167.25058757085336,0,0
3.333333333333485,172.44924448320228,174.71749731202027,0,0,131.02735336844583,81.86795762587172,82.29714804499233,150.82483536631437,157.89705975083334,0,0,160.57485585482848,166.70899661270272,0,0
3.341666666666697,172.2424612172051,174.5266707085276,0,0,130.75602608255622,81.90863243266705,82.43419762147262,150.17088224763626,157.16168584231968,0,0,160.11380450277136,166.20698615294882,0,0
3.3500000000001364,172.0366293070884,174.34035403568117,0,0,130.42929225862625,81.96101131960307,82.51667632048799,149.55110827005404,156.51668169697646,0,0,159.69191030570133,165.74825209231713,0,0
3.3583333333333485,171.91101034850985,174.19847647121134,0,0,130.2273461785858,81.9609892500044,82.58800035720964,149.0372796738054,155.96453090934233,0,0,159.3173260566965,165.31199283105408,0,0
3.366666666666788,171.82187934329107,174.07780572629457,0,0,129.6026334184797,81.94149877338289,82.64382444671473,148.0798320837776,154.93246440908936,0,0,158.9289555477242,164.86200357224718,0,0
3.375,171.7717443464048,173.97473273343687,0,0,128.97511555483695,81.91143213145781,82.67842647093468,147.14374295854697,153.94390603787727,0,0,158.5688215660532,164.40306803570869,0,0
